Query,Last 28 days (2020) Clicks,Last 28 days (2019) Clicks,Last 28 days (2020) Impressions,Last 28 days (2019) Impressions,Last 28 days (2020) CTR,Last 28 days (2019) CTR,Last 28 days (2020) Position,Last 28 days (2019) Position
adviso,769,843,2390,2531,32.18%,33.31%,2.42,1.46
torrent411,54,4,6421,582,0.84%,0.69%,7.48,10.6
adviso montreal,50,42,104,95,48.08%,44.21%,1.85,1
advisio,37,33,57,109,64.91%,30.28%,5.79,9.5
objective strategy tactics,36,43,195,197,18.46%,21.83%,1.13,1
cookie apocalypse,30,0,329,0,9.12%,0%,7.63,0
torrent 411,29,0,1514,420,1.92%,0%,10.36,29.13
objectif tactique,29,21,65,34,44.62%,61.76%,1.78,1
strategy vs objective,28,28,314,263,8.92%,10.65%,1.67,2.56
is mass marketing dead,26,13,150,80,17.33%,16.25%,1,1.12
facebook ads language targeting,26,27,119,77,21.85%,35.06%,3.1,1.49
content brief,25,36,510,229,4.9%,15.72%,5.46,2.1
kpi notoriété,24,39,73,71,32.88%,54.93%,1.78,1.03
insight traduction,22,26,3951,4223,0.56%,0.62%,10,8.09
rich snippets,22,191,3263,2153,0.67%,8.87%,24.35,29.15
objectives strategies tactics,21,15,107,79,19.63%,18.99%,1.08,1.03
objective vs strategy,20,10,166,163,12.05%,6.13%,1.74,2.44
goals objectives strategies tactics,19,10,195,137,9.74%,7.3%,1.1,3.76
goal strategy objective tactic examples,19,12,159,106,11.95%,11.32%,1.65,3.43
sem ad copy,19,8,56,32,33.93%,25%,1.05,1
rich snippet,18,251,1274,1067,1.41%,23.52%,19.64,13.67
programmatique,18,24,470,383,3.83%,6.27%,11.87,8.96
facebook language targeting,17,32,60,66,28.33%,48.48%,2.2,1
appelez nous,16,4,669,411,2.39%,0.97%,3.09,8.58
achat programmatique,16,12,186,181,8.6%,6.63%,2.3,2.76
goal objective strategy tactic,16,14,132,79,12.12%,17.72%,3.05,2.15
format infographie,16,22,80,60,20%,36.67%,1.11,1.65
objectives vs strategies,15,5,94,79,15.96%,6.33%,3.34,3.97
content brief template,14,57,239,187,5.86%,30.48%,5.58,1.37
actionable insights,13,0,2405,0,0.54%,0%,10.25,0
algorithme tinder,13,136,925,621,1.41%,21.9%,1.36,3.38
one pager,13,38,458,514,2.84%,7.39%,6.71,6.69
gestion des médias sociaux gratuit 2019,13,0,175,0,7.43%,0%,5.15,0
ergonomic website,12,7,89,50,13.48%,14%,2.22,1.6
amazon chiffres,11,0,61,0,18.03%,0%,2.49,0
what is a content brief,11,2,43,26,25.58%,7.69%,1.47,3.96
créer plusieurs pages facebook,11,5,36,22,30.56%,22.73%,2.58,2.23
objectif stratégique tactique opérationnel,11,14,34,41,32.35%,34.15%,1.82,1
traduction insight,10,11,432,463,2.31%,2.38%,8.23,7.64
ecommerce department,10,6,72,50,13.89%,12%,2.82,3.56
how to measure reputation,10,11,61,75,16.39%,14.67%,4.84,2.28
quebectorrent,10,14,33,76,30.3%,18.42%,1.97,2.97
objectives strategies tactics examples,10,0,26,0,38.46%,0%,1,0
goals strategies tactics,9,11,139,115,6.47%,9.57%,3.15,3.83
objectives and strategies,9,9,109,131,8.26%,6.87%,3.35,2.83
goal strategy objective tactic,9,7,62,76,14.52%,9.21%,3.06,2.92
safari in app,9,5,46,41,19.57%,12.2%,29.09,21.17
adviso conseil,9,6,45,44,20%,13.64%,2.47,1.23
language targeting facebook,9,15,42,32,21.43%,46.88%,2.24,1
strategy versus objective,9,10,39,34,23.08%,29.41%,3.28,3.06
pourquoi faire un benchmark,9,12,34,33,26.47%,36.36%,2.65,1
how does culture affect project management,9,11,28,39,32.14%,28.21%,1,1
utm internal links,9,7,22,17,40.91%,41.18%,1.64,1
utm_campaign,8,3,2850,1566,0.28%,0.19%,10.77,9.01
sem ads,8,9,645,327,1.24%,2.75%,7.32,3.87
marketing de masse,8,8,518,400,1.54%,2%,6.08,4.22
snippet seo,8,4,130,32,6.15%,12.5%,26.9,14.44
game changer définition,8,2,57,19,14.04%,10.53%,4.89,4.89
bouton de partage,8,2,49,44,16.33%,4.55%,1.08,1.91
sem copy,8,15,41,27,19.51%,55.56%,1.1,1.11
chiffres amazon,8,1,35,3,22.86%,33.33%,2.6,17
insights traduction,7,8,1292,852,0.54%,0.94%,10.06,8.5
profitabilité et rentabilité,7,9,222,100,3.15%,9%,7.47,4.67
goals objectives strategies,7,8,192,175,3.65%,4.57%,1.07,3.35
guide de style,7,9,139,146,5.04%,6.16%,4.61,11.47
application concours facebook,7,1,123,130,5.69%,0.77%,6.45,3.68
difference between strategy and objective,7,3,113,105,6.19%,2.86%,3.51,4.23
safari (in-app),7,4,54,26,12.96%,15.38%,46.19,17.19
one pager definition,7,1,51,21,13.73%,4.76%,4.16,12.86
"describe how organizational culture is related to project management. what 
type of culture promotes a strong project environment?",7,0,45,0,15.56%,0%,3.4,0
organizational culture and project management,7,7,30,25,23.33%,28%,5.53,3.64
strategy vs. objective,7,2,24,26,29.17%,7.69%,1.71,3.46
adviso conseil inc,7,8,24,25,29.17%,32%,1.83,1
amazon en chiffres,7,0,22,0,31.82%,0%,2.77,0
stratégie de contenu,6,2,1149,609,0.52%,0.33%,24.58,15.83
taux de rebond google analytics,6,3,562,288,1.07%,1.04%,7.03,8.59
managing stakeholders,6,18,440,498,1.36%,3.61%,8.29,4.31
bonheur au travail,6,0,309,0,1.94%,0%,45.3,0
appelez-nous,6,0,192,0,3.12%,0%,2.88,0
difference between objective and strategy,6,19,158,146,3.8%,13.01%,4.39,4.65
turning data into actionable insights,6,0,156,0,3.85%,0%,5.03,0
gestion des parties prenantes,6,7,82,69,7.32%,10.14%,2.85,4.68
stratégie tactique opérationnel,6,6,62,60,9.68%,10%,1.74,2.98
goals strategy objectives tactics,6,1,50,18,12%,5.56%,1.08,1.67
website ergonomics,6,5,38,40,15.79%,12.5%,2.34,2.05
goals objectives strategy tactics,6,5,36,26,16.67%,19.23%,1,2.96
mass marketing is dead,6,5,35,29,17.14%,17.24%,1.37,3.14
reputation kpi,6,0,30,0,20%,0%,1.17,0
objectifs tactiques,6,8,26,22,23.08%,36.36%,1.96,1.73
facebook ad language targeting,6,4,18,24,33.33%,16.67%,3.39,2.54
facebook mobile,5,0,784,0,0.64%,0%,10.91,0
martech,5,0,736,0,0.68%,0%,30.6,0
strategies and tactics examples,5,6,266,218,1.88%,2.75%,2.08,4.06
recherche utilisateur,5,10,144,113,3.47%,8.85%,6.01,2.64
voice search 2020,5,0,129,0,3.88%,0%,9.09,0
brief content,5,4,88,61,5.68%,6.56%,3.91,2.77
difference between objectives and strategies,5,5,85,58,5.88%,8.62%,4.4,4.48
ergonomics website,5,4,65,41,7.69%,9.76%,2.02,3.41
e commerce department,5,0,63,0,7.94%,0%,3.32,0
ux sex,5,5,53,45,9.43%,11.11%,1.42,1.6
content brief example,5,2,53,30,9.43%,6.67%,5.74,3.23
objective strategy,5,8,45,50,11.11%,16%,1.13,1.24
amazon en chiffre,5,0,42,0,11.9%,0%,7.29,0
strategy objectives tactics,5,5,41,36,12.2%,13.89%,1,1.08
temps de réponse serveur,5,0,37,169,13.51%,0%,1.27,3.67
objective vs strategy vs tactic,5,0,13,0,38.46%,0%,3.08,0
 - la technologie nuit-elle à la vie privée?,5,0,13,0,38.46%,0%,7.85,0
enjeux du merchandising,5,0,12,0,41.67%,0%,2.75,0
marketing de contenu,4,4,1333,809,0.3%,0.49%,27.63,23.17
ville.montreal.qc.ca/payerconstat,4,0,812,0,0.49%,0%,9.81,0
bounce rate,4,2,352,396,1.14%,0.51%,7.51,8.82
power editor,4,0,343,0,1.17%,0%,7.21,0
inscription youtube,4,2,330,217,1.21%,0.92%,9.15,8.5
google data studio vs power bi,4,6,207,230,1.93%,2.61%,9.93,8.41
culture organisationnelle,4,2,140,182,2.86%,1.1%,13.39,11.18
objectif stratégique,4,4,126,722,3.17%,0.55%,8.6,10.22
gestion des médias sociaux gratuit,4,36,111,208,3.6%,17.31%,7.52,3.31
how to measure brand reputation,4,12,83,60,4.82%,20%,4.71,1.03
strategy vs goal,4,2,81,73,4.94%,2.74%,3.68,7.19
goal objective strategy,4,1,79,86,5.06%,1.16%,1.09,1.73
strategy vs objectives,4,2,79,47,5.06%,4.26%,1.75,3.51
différence entre profitabilité et rentabilité,4,4,72,53,5.56%,7.55%,6.47,4.45
r google analytics,4,0,71,0,5.63%,0%,9.18,0
goals objectives strategies tactics template,4,9,68,114,5.88%,7.89%,1.06,2.7
actionable insights examples,4,0,66,0,6.06%,0%,3.62,0
bi google,4,6,61,16,6.56%,37.5%,14.08,16.06
engagement des parties prenantes,4,0,59,0,6.78%,0%,10.8,0
analyse marketing netflix,4,0,55,0,7.27%,0%,8.58,0
les enjeux du merchandising,4,4,51,16,7.84%,25%,2.73,2.56
jean-françois renaud,4,12,47,62,8.51%,19.35%,1.28,1.02
difference between strategy and objectives,4,6,45,47,8.89%,12.77%,3.42,4.3
one pager traduction,4,1,37,28,10.81%,3.57%,6.16,8.14
google analytics data science,4,0,36,0,11.11%,0%,5.08,0
content marketing brief template,4,3,35,17,11.43%,17.65%,5.77,1.18
format invitation email,4,2,33,25,12.12%,8%,3.42,2.32
chiffres amazon 2019,4,0,30,0,13.33%,0%,4.7,0
objectives strategy tactics,4,5,29,36,13.79%,13.89%,1.03,1.08
optimiser tinder,4,6,29,21,13.79%,28.57%,4.07,1.86
difference between objectives strategies and tactics,4,0,27,0,14.81%,0%,3.11,0
comment mesurer la notoriété d'une entreprise,4,1,27,24,14.81%,4.17%,4.52,4.04
recherche par facette,4,1,24,20,16.67%,5%,1.96,2
stratégie d'action,4,0,24,0,16.67%,0%,4.71,0
organizational culture project management,4,7,23,32,17.39%,21.88%,5,3.69
nombre de clients amazon,4,0,22,0,18.18%,0%,5.27,0
examples of actionable insights,4,0,21,0,19.05%,0%,4.24,0
chiffre d'affaire box mensuelles,4,0,18,0,22.22%,0%,8.72,0
amazon chiffres clés 2019,4,0,16,0,25%,0%,4.5,0
mots clés voyage,4,1,16,16,25%,6.25%,4.5,3.62
difference between objective strategy and tactics,4,0,15,0,26.67%,0%,3.2,0
marie nicollet,4,1,14,16,28.57%,6.25%,2.71,7.75
que mettre en pied de page,4,4,14,8,28.57%,50%,3.07,1.62
marketing objectives strategies and tactics,4,6,13,20,30.77%,30%,1.54,2.3
is mass marketing dead?,4,9,7,34,57.14%,26.47%,1,1.12
le marketing de masse est-il amené à disparaître,4,0,7,0,57.14%,0%,1,0
customer data platform,3,0,2849,0,0.11%,0%,65.71,0
référencement web,3,1,2119,1331,0.14%,0.08%,29.69,21.24
seo,3,0,2001,456,0.15%,0%,19.77,27.19
blogue,3,10,673,799,0.45%,1.25%,11.4,6.3
seo montréal,3,2,426,401,0.7%,0.5%,7.17,6.33
recherche vocale,3,0,426,0,0.7%,0%,25.4,0
ergonomie web,3,0,294,166,1.02%,0%,29.23,37.6
game changer traduction,3,3,169,63,1.78%,4.76%,8.75,10.76
data analysis dashboard,3,2,138,112,2.17%,1.79%,6.48,4.81
traduction insights,3,0,126,0,2.38%,0%,9.06,0
rentabilité et profitabilité,3,4,103,75,2.91%,5.33%,13.44,4.15
cookie-pocalypse,3,0,86,0,3.49%,0%,8.49,0
buying keywords on google,3,2,84,72,3.57%,2.78%,5.49,5.06
achat de mots clés,3,1,80,93,3.75%,1.08%,4.66,7.43
objective strategy tactic,3,5,78,72,3.85%,6.94%,2.53,1
atelier collaboratif,3,1,72,110,4.17%,0.91%,13.67,10.25
turn data into insights,3,0,69,0,4.35%,0%,6.33,0
objectif stratégique et opérationnel exemple,3,6,69,101,4.35%,5.94%,7.96,9.71
objective strategy tactics template,3,9,56,31,5.36%,29.03%,1,1
content strategy brief,3,7,53,20,5.66%,35%,3.28,1.95
campagne média,3,0,53,0,5.66%,0%,5.94,0
goal strategy tactic,3,9,48,63,6.25%,14.29%,3.04,1.33
game changer en francais,3,1,44,10,6.82%,10%,8.61,10.1
plan tactique,3,10,42,45,7.14%,22.22%,3.5,2.47
measuring reputation,3,4,42,57,7.14%,7.02%,6.12,2.4
goal vs objective vs strategy,3,0,41,0,7.32%,0%,5.39,0
e-commerce department,3,2,40,43,7.5%,4.65%,3.27,5.28
différence stratégie tactique opérationnel,3,0,40,0,7.5%,0%,5.42,0
strategy objective,3,4,39,40,7.69%,10%,1.26,1.02
simon lamarche,3,3,38,36,7.89%,8.33%,1.13,1.08
goal and strategy,3,0,37,0,8.11%,0%,4.03,0
organizational culture in project management,3,7,37,28,8.11%,25%,4.89,3.75
bounce rate google analytics,3,0,34,0,8.82%,0%,3.88,0
content creation brief,3,0,34,0,8.82%,0%,12.79,0
sex ux,3,6,31,38,9.68%,15.79%,1.97,3.79
facebook target audience language,3,0,31,0,9.68%,0%,5.06,0
about our team,3,13,30,144,10%,9.03%,18.47,6.55
amazon chiffres clés,3,0,29,0,10.34%,0%,5.34,0
objectives vs strategy,3,5,28,23,10.71%,21.74%,1.39,3
is lead generation a good job,3,0,28,0,10.71%,0%,6.82,0
web ergonomics,3,1,27,27,11.11%,3.7%,1.89,1.78
facebook ads language,3,3,26,37,11.54%,8.11%,6.04,4.49
goals tactics strategies,3,2,25,20,12%,10%,1.08,3.75
goals vs objectives vs tactics,3,0,23,0,13.04%,0%,3.96,0
nombre de client amazon,3,0,22,0,13.64%,0%,5.41,0
gestion des parties prenantes d'un projet,3,0,19,0,15.79%,0%,3.68,0
indicateur internet,3,0,18,0,16.67%,0%,3.06,0
objective versus strategy,3,5,18,16,16.67%,31.25%,4.28,3
digital marketing and sustainability,3,0,16,0,18.75%,0%,6.25,0
google analytics for data science,3,0,16,0,18.75%,0%,8.12,0
goal strategy tactic template,3,0,15,0,20%,0%,1.2,0
reputation kpis,3,0,15,0,20%,0%,1.8,0
différence entre stratégie et objectif,3,3,15,13,20%,23.08%,2.2,2.92
apocalypse 2022,3,0,14,0,21.43%,0%,5.93,0
concept box abonnement,3,0,11,0,27.27%,0%,3.45,0
objective vs. strategy in marketing,3,2,10,25,30%,8%,4.3,5.84
strategy objective tactics,3,0,9,0,33.33%,0%,2.89,0
what makes a good subscription box,3,0,8,0,37.5%,0%,5.75,0
netflix monetization,3,0,4,0,75%,0%,1.5,0
auto123,2,12,5213,5596,0.04%,0.21%,5.8,4.72
cdp,2,0,1410,0,0.14%,0%,21.14,0
référencement,2,0,1042,1535,0.19%,0%,15.84,37.07
yahoo answers,2,0,791,0,0.25%,0%,15.88,0
agence seo montreal,2,2,710,699,0.28%,0.29%,5.69,8.83
ville.montreal.qc/payerconstat,2,0,420,0,0.48%,0%,9.42,0
sem ad,2,5,389,202,0.51%,2.48%,2.72,2.61
strategy objectives,2,3,334,178,0.6%,1.69%,1.25,1.2
marketing analytique,2,8,211,148,0.95%,5.41%,6.78,7.41
data insights examples,2,0,208,0,0.96%,0%,6.1,0
parties prenantes,2,0,206,0,0.97%,0%,31.28,0
referencement seo,2,0,176,0,1.14%,0%,35.88,0
data to insights,2,0,168,0,1.19%,0%,9.93,0
goals and strategies,2,6,165,194,1.21%,3.09%,6.82,6.7
outreach traduction,2,1,155,360,1.29%,0.28%,11.03,9.77
salon connexion,2,0,124,0,1.61%,0%,6.96,0
google analytics r,2,0,122,0,1.64%,0%,9.67,0
ecommerce due diligence,2,2,121,67,1.65%,2.99%,3.33,2.94
le bonheur au travail,2,0,117,0,1.71%,0%,30.9,0
jean francois renaud,2,8,100,95,2%,8.42%,1.11,1.23
reputation measurement,2,1,100,153,2%,0.65%,7.25,5.16
google bi,2,0,93,0,2.15%,0%,28.13,0
rich snippet seo,2,5,82,38,2.44%,13.16%,10.9,7.26
différence entre rentabilité et profitabilité,2,4,79,52,2.53%,7.69%,5.44,4.04
métaphore chaussure,2,0,77,0,2.6%,0%,7.62,0
buy google keywords,2,0,72,0,2.78%,0%,7.31,0
google analytics taux de rebond,2,0,68,0,2.94%,0%,6.82,0
boutons de partage,2,1,62,51,3.23%,1.96%,1.53,2.02
website content brief template,2,8,62,50,3.23%,16%,6.87,2.02
stratégique tactique opérationnel,2,2,59,42,3.39%,4.76%,3.2,8.88
objectif stratégique définition,2,0,56,0,3.57%,0%,10.59,0
la culture organisationnelle,2,0,56,0,3.57%,0%,12.54,0
dmp google,2,4,56,77,3.57%,5.19%,12.61,14.3
notre équipe,2,20,54,328,3.7%,6.1%,41.33,7.91
game changer francais,2,2,49,10,4.08%,20%,8.24,9
communication tactique,2,0,49,0,4.08%,0%,12.08,0
insight framework,2,0,48,0,4.17%,0%,6.52,0
goals strategies objectives tactics,2,4,46,77,4.35%,5.19%,1.13,3.39
expérience utilisateur ux,2,0,46,0,4.35%,0%,19.52,0
game changer en français,2,0,45,0,4.44%,0%,8.67,0
générateur d'idées,2,0,45,0,4.44%,0%,56.73,0
objective vs goal vs strategy,2,1,41,29,4.88%,3.45%,5.07,5.21
strategy goals objectives,2,3,38,42,5.26%,7.14%,1.18,2.12
data into insights,2,0,38,0,5.26%,0%,5.61,0
adviso consulting,2,0,38,0,5.26%,0%,9.92,0
veille médias sociaux gratuit,2,13,37,35,5.41%,37.14%,3.35,1.77
mesurer la notoriété d'une entreprise,2,5,37,29,5.41%,17.24%,5.46,4.52
impact de la culture d'entreprise sur la performance de l'organisation,2,3,37,49,5.41%,6.12%,10.11,8.84
goal vs strategy vs tactic,2,0,36,0,5.56%,0%,3.67,0
project management culture,2,1,36,21,5.56%,4.76%,10.22,12.38
social media content brief,2,5,35,20,5.71%,25%,3.91,1.85
objectives vs tactics,2,2,34,32,5.88%,6.25%,1.12,4.06
data science google analytics,2,0,34,0,5.88%,0%,5.32,0
mission objectives strategy tactics,2,1,33,42,6.06%,2.38%,2.76,5.67
is lead generation sales or marketing,2,0,31,0,6.45%,0%,5.94,0
content writing brief template,2,0,30,0,6.67%,0%,8.23,0
sales objectives strategies and tactics,2,0,29,0,6.9%,0%,4.55,0
goals vs strategy,2,0,29,0,6.9%,0%,7.17,0
difference between an objective and a strategy,2,3,27,22,7.41%,13.64%,3.63,4.68
strategy objectives goals tactics,2,0,26,0,7.69%,0%,3.92,0
jean françois renaud,2,1,25,29,8%,3.45%,1.2,1.03
one-pager,2,3,25,42,8%,7.14%,6.4,7.1
google snippet,2,0,25,0,8%,0%,20.12,0
strategy vs tactics vs objectives,2,2,24,21,8.33%,9.52%,2.96,3.95
facebook ads target language,2,0,24,0,8.33%,0%,5.17,0
chiffres clés amazon,2,0,24,0,8.33%,0%,6,0
je deteste les lundi,2,0,23,0,8.7%,0%,2.61,0
amazon nombre de clients,2,0,23,0,8.7%,0%,5.48,0
goal objectives strategies tactics,2,2,21,18,9.52%,11.11%,1,5.11
what makes a good client,2,3,20,26,10%,11.54%,4.05,2.85
reputation metrics,2,2,20,30,10%,6.67%,8.45,6.2
amazon en quelques chiffres,2,0,19,0,10.53%,0%,3.05,0
collecting data from multiple sources,2,0,19,0,10.53%,0%,3.11,0
différence rentabilité profitabilité,2,4,19,29,10.53%,13.79%,4.05,4.03
différence rentabilité et profitabilité,2,2,19,9,10.53%,22.22%,5.47,4.22
nombre d'utilisateur amazon,2,0,19,0,10.53%,0%,7.21,0
mot clé voyage,2,0,17,0,11.76%,0%,4.94,0
équité de marque,2,0,16,0,12.5%,0%,1.69,0
salon connexion 2019,2,0,16,0,12.5%,0%,3.25,0
ost objective strategy tactics,2,4,16,14,12.5%,28.57%,4.12,2
adviso.ca,2,6,14,15,14.29%,40%,1,1
aims objectives strategies and tactics,2,0,13,0,15.38%,0%,3.38,0
measure reputation,2,1,13,8,15.38%,12.5%,5.31,2.25
itm parameters,2,0,12,0,16.67%,0%,3.5,0
marché des box chiffre d'affaire,2,0,10,0,20%,0%,9.1,0
powerbi google,2,0,9,0,22.22%,0%,4.11,0
philosophie de google,2,0,7,0,28.57%,0%,4,0
objective strategy tactics examples,2,0,6,0,33.33%,0%,1,0
adviso group,2,2,6,11,33.33%,18.18%,3.83,4.45
ssp programmatique,2,0,6,0,33.33%,0%,50.83,0
cdp web,2,0,4,0,50%,0%,6,0
all seo company in montreal,2,0,4,0,50%,0%,54.25,0
utm parameters internal links,2,0,3,0,66.67%,0%,2,0
g suite power bi,2,0,3,0,66.67%,0%,5.67,0
internal utm tracking,2,0,2,0,100%,0%,1,0
google.ca,1,0,6674,0,0.01%,0%,9.85,0
mass marketing,1,1,2690,5901,0.04%,0.02%,12.31,10.89
dmp,1,0,2315,372,0.04%,0%,23.83,59.71
merchandising,1,0,1579,0,0.06%,0%,14.97,0
strategy and tactics,1,6,1168,872,0.09%,0.69%,9.52,2.77
lasik md,1,1,1160,484,0.09%,0.21%,16.11,24.13
montreal seo,1,0,990,197,0.1%,0%,77.75,16.27
référencement seo,1,0,935,520,0.11%,0%,49.7,60.07
agence seo,1,1,844,1852,0.12%,0.05%,11.48,56.48
brand analytics,1,22,704,987,0.14%,2.23%,24.13,4.11
referencement web,1,0,574,1061,0.17%,0%,28.57,22.82
rich snippets seo,1,2,549,299,0.18%,0.67%,12.57,10.44
facebook blueprint certification,1,0,434,236,0.23%,0%,32.87,34.36
agence marketing numérique,1,0,413,168,0.24%,0%,22.52,76.64
seo marketing,1,0,366,0,0.27%,0%,33.25,0
what is mass marketing,1,0,328,991,0.3%,0%,17.66,9.31
quora,1,0,320,0,0.31%,0%,39.73,0
seo snippet,1,1,319,51,0.31%,1.96%,60.49,45.76
calendrier éditorial,1,0,316,0,0.32%,0%,12.7,0
canevas plan stratégique pdf,1,0,306,0,0.33%,0%,2.42,0
tinder match,1,0,288,0,0.35%,0%,12.13,0
flat design,1,0,209,0,0.48%,0%,21.63,0
youtube inscription,1,2,207,225,0.48%,0.89%,9.46,8.34
insight en francais,1,0,203,0,0.49%,0%,9.44,0
leads,1,0,197,0,0.51%,0%,24.01,0
lasikmd,1,0,190,0,0.53%,0%,12.67,0
insight en français,1,0,183,0,0.55%,0%,10.06,0
seo company in montreal,1,3,171,57,0.58%,5.26%,29.53,84.68
strategy goals,1,1,165,116,0.61%,0.86%,3.75,1.68
stratégie adwords,1,10,164,120,0.61%,8.33%,4.8,1.07
marketing technology,1,0,154,0,0.65%,0%,58.43,0
analytics developer,1,0,152,0,0.66%,0%,14.89,0
merchandising online,1,0,146,0,0.68%,0%,32.6,0
analytics plan,1,0,145,0,0.69%,0%,14.77,0
example of a strategy,1,0,142,0,0.7%,0%,3.79,0
safari app,1,0,141,0,0.71%,0%,6.37,0
cdp marketing,1,0,139,0,0.72%,0%,70.01,0
agence web montreal,1,0,138,0,0.72%,0%,92.49,0
goal vs strategy,1,1,137,125,0.73%,0.8%,6.05,6.12
4388 rue saint-denis,1,0,136,0,0.74%,0%,6.62,0
payerconstat,1,2,130,28,0.77%,7.14%,6.63,5.18
dmp agency,1,0,130,0,0.77%,0%,54.87,0
ville de montreal.qc.ca/payerconstat,1,0,129,0,0.78%,0%,9.31,0
strategic goals and objectives examples,1,0,123,344,0.81%,0%,8.27,6.06
stratégie marketing internet,1,0,123,0,0.81%,0%,49.09,0
data analysis with open source tools,1,1,122,142,0.82%,0.7%,10.67,8.11
agence numérique montréal,1,1,121,77,0.83%,1.3%,7.43,51.01
omni digital,1,0,121,159,0.83%,0%,10.1,7.96
data analysis dashboards,1,0,115,0,0.87%,0%,6.28,0
dmp solutions,1,0,112,0,0.89%,0%,39.38,0
stratégie contenu,1,0,111,0,0.9%,0%,33.14,0
traduire insight,1,0,104,0,0.96%,0%,7.57,0
strategy vs goals,1,4,103,91,0.97%,4.4%,4.6,6.98
how to define objectives,1,0,102,0,0.98%,0%,13.49,0
insights en français,1,0,101,0,0.99%,0%,9.21,0
goal strategy,1,3,96,80,1.04%,3.75%,3.32,2.58
creating a single customer view,1,0,95,0,1.05%,0%,42.54,0
optimiser adwords,1,0,94,0,1.06%,0%,25.24,0
concours facebook,1,0,93,160,1.08%,0%,38.72,34.81
blueprint facebook certification,1,0,92,0,1.09%,0%,32.63,0
seo web,1,0,90,141,1.11%,0%,24.84,42.88
objectifs stratégiques,1,0,87,0,1.15%,0%,6.45,0
adobe attribution,1,0,87,0,1.15%,0%,8.31,0
data tv,1,1,87,44,1.15%,2.27%,8.59,8.02
tactic strategy,1,0,84,0,1.19%,0%,6.36,0
sem writing,1,2,83,17,1.2%,11.76%,2.07,2
google canada search,1,0,83,0,1.2%,0%,10.18,0
différence entre stratégie et tactique,1,0,83,0,1.2%,0%,10.25,0
format mailing,1,7,79,92,1.27%,7.61%,6.28,3.67
ville.montréal.qc.ca/payer constat,1,0,77,0,1.3%,0%,9.03,0
collecting and combining data from multiple sources,1,0,77,0,1.3%,0%,9.17,0
content marketing brief,1,6,75,136,1.33%,4.41%,5.13,1.96
vigie technologique,1,0,75,0,1.33%,0%,7.53,0
customer data platform companies,1,0,75,0,1.33%,0%,82.37,0
chiffre amazon,1,0,74,0,1.35%,0%,7.78,0
buy keywords on google,1,1,72,56,1.39%,1.79%,5.99,5.18
dimension emailing,1,0,71,0,1.41%,0%,7.59,0
goals objectives strategies tactics examples,1,1,70,61,1.43%,1.64%,2.13,2.33
good client,1,2,70,83,1.43%,2.41%,3.99,4.04
traffic sources,1,0,70,0,1.43%,0%,69.9,0
strategy and tactics examples,1,1,68,40,1.47%,2.5%,2.96,6.22
exemple de stratégie,1,9,68,64,1.47%,14.06%,5.21,3.39
seo content brief,1,5,67,15,1.49%,33.33%,6.97,1.4
objectif stratégie marketing,1,0,67,0,1.49%,0%,13.27,0
content brief template word,1,0,66,0,1.52%,0%,8.64,0
data insights,1,0,66,0,1.52%,0%,51.53,0
marketing seo,1,0,65,0,1.54%,0%,16.66,0
cheat sheet traduction,1,1,64,64,1.56%,1.56%,8.42,7.5
les parties prenantes d'un projet,1,0,63,0,1.59%,0%,4.3,0
turning data into insights,1,0,63,0,1.59%,0%,8.37,0
content briefing,1,1,60,59,1.67%,1.69%,5.33,10.59
ia marketing,1,0,59,0,1.69%,0%,34.19,0
actionable insights from data,1,0,58,0,1.72%,0%,6.5,0
bouton partager,1,0,57,0,1.75%,0%,3.93,0
examples of strategies,1,1,56,27,1.79%,3.7%,16.55,20.81
strategy and objectives,1,2,55,37,1.82%,5.41%,1.38,1.54
objective and strategy,1,8,55,43,1.82%,18.6%,1.49,1.53
qr code marketing,1,0,55,0,1.82%,0%,9.8,0
facebook blue print,1,0,55,0,1.82%,0%,51.75,0
stack marketing,1,0,53,0,1.89%,0%,3.43,0
tactical objectives examples,1,0,50,0,2%,0%,1.48,0
power bi vs google data studio,1,1,50,161,2%,0.62%,10.34,8.04
sem ads examples,1,1,49,23,2.04%,4.35%,6.9,8.3
last click attribution is dead,1,3,48,15,2.08%,20%,4.48,1.2
certification blueprint,1,1,48,28,2.08%,3.57%,5.85,7.57
data from different sources,1,0,48,0,2.08%,0%,6.23,0
data driven en francais,1,0,48,0,2.08%,0%,6.62,0
programmatique définition,1,1,48,60,2.08%,1.67%,10.73,9.88
what is google.ca,1,0,47,0,2.13%,0%,6.4,0
key user traduction,1,0,47,0,2.13%,0%,9.72,0
certification facebook blueprint,1,0,47,0,2.13%,0%,14.57,0
natures touch,1,1,47,13,2.13%,7.69%,26.89,33.85
bon client,1,3,46,85,2.17%,3.53%,3.87,3.47
richsnippets,1,7,46,46,2.17%,15.22%,15.13,17.63
social media content brief template,1,0,45,0,2.22%,0%,4.62,0
qualité gestion de projet,1,0,45,0,2.22%,0%,12.6,0
profitabilité et rentabilité exemple,1,0,44,0,2.27%,0%,9.02,0
largeur newsletter,1,0,44,0,2.27%,0%,9.64,0
business case,1,0,44,0,2.27%,0%,78.02,0
bouton partage,1,0,43,0,2.33%,0%,3.42,0
rentabilité profitabilité,1,5,43,42,2.33%,11.9%,5.74,4.36
application concours facebook gratuit,1,0,42,0,2.38%,0%,10.98,0
transformation digitale montreal,1,0,42,0,2.38%,0%,17.95,0
content brief sample,1,0,41,0,2.44%,0%,6.2,0
objective of strategy,1,2,40,41,2.5%,4.88%,1.52,1.98
facebook ads in different language,1,0,40,0,2.5%,0%,8.25,0
objectif strategique,1,0,39,0,2.56%,0%,9.33,0
contenu généré par les utilisateurs,1,0,39,0,2.56%,0%,18.51,0
goal objective strategy tactic example,1,0,38,0,2.63%,0%,1.71,0
how to be a good client,1,3,38,29,2.63%,10.34%,6.89,2.83
google data studio wiki,1,1,38,160,2.63%,0.62%,13.5,9.45
strategies vs objectives,1,4,37,41,2.7%,9.76%,2.11,4
recherche à facette,1,3,36,39,2.78%,7.69%,2.69,2.18
marketing de masse exemple,1,4,36,23,2.78%,17.39%,5.92,3.52
google analytics in r,1,0,36,0,2.78%,0%,7.44,0
torent 411,1,0,36,0,2.78%,0%,9.22,0
insight traduction francais,1,0,36,0,2.78%,0%,9.61,0
how to write insights from data,1,0,36,0,2.78%,0%,10.72,0
goals objectives tactics,1,0,35,0,2.86%,0%,1.11,0
objectives goals strategies,1,0,35,0,2.86%,0%,2.66,0
profitabilité rentabilité,1,1,35,38,2.86%,2.63%,4.86,4.84
goals vs objectives vs strategies,1,2,35,35,2.86%,5.71%,5.43,5.11
goals and strategy,1,1,35,41,2.86%,2.44%,5.63,6.17
taux de notoriété calcul,1,4,35,33,2.86%,12.12%,8,7.67
operational rigor meaning,1,0,35,0,2.86%,0%,9.49,0
rich snippets in seo,1,0,35,137,2.86%,0%,12.57,9.94
pages vues,1,0,35,0,2.86%,0%,22.97,0
marketing ia,1,0,35,0,2.86%,0%,23.09,0
accessibilité seo,1,0,34,0,2.94%,0%,3.09,0
digital strategy service,1,0,34,0,2.94%,0%,4.26,0
post click attribution,1,8,34,55,2.94%,14.55%,5.09,4.75
brand marketing analytics,1,0,34,0,2.94%,0%,7.53,0
difference between strategy and goal,1,0,33,0,3.03%,0%,6.76,0
consultant transformation numérique,1,2,33,8,3.03%,25%,8.27,4.62
calcul taux de notoriété,1,0,33,0,3.03%,0%,9.85,0
agence numerique quebec,1,0,33,0,3.03%,0%,10.09,0
impact of organizational culture on project success,1,0,33,0,3.03%,0%,11.3,0
culture and project management,1,2,32,18,3.12%,11.11%,6.59,5.28
comment calculer le taux de notoriété d'une entreprise,1,0,32,0,3.12%,0%,7,0
rich snipet,1,8,32,21,3.12%,38.1%,7.97,3.71
calendrier editorial,1,0,32,0,3.12%,0%,9.59,0
goals strategies tactics template,1,0,31,0,3.23%,0%,1,0
strategy goals and objectives,1,2,31,17,3.23%,11.76%,1,1
itm tracking,1,0,30,0,3.33%,0%,6.9,0
mission objective strategy tactics,1,2,29,54,3.45%,3.7%,2.9,4.19
mesurer la notoriété d'une marque,1,0,29,0,3.45%,0%,6.93,0
programatique,1,5,29,20,3.45%,25%,17.41,9.4
goals objectives and strategies,1,2,28,21,3.57%,9.52%,1.29,4.76
brief content meaning,1,1,28,20,3.57%,5%,3.25,3.9
google analytics and r,1,0,28,0,3.57%,0%,5.54,0
olivier nicolas scott,1,0,28,0,3.57%,0%,6.39,0
marketing automation questions,1,1,28,21,3.57%,4.76%,7.82,3.38
google analytics analysis beta,1,0,28,0,3.57%,0%,12.46,0
how to write a content brief,1,0,27,0,3.7%,0%,4.44,0
je déteste le lundi,1,2,27,29,3.7%,6.9%,5.22,3.59
data insight traduction,1,0,27,0,3.7%,0%,5.26,0
strategie tactique,1,2,27,27,3.7%,7.41%,9.56,7.59
goals vs objectives in strategic planning,1,1,27,39,3.7%,2.56%,13.3,14.31
media objectives strategies and tactics,1,3,26,29,3.85%,10.34%,3.77,4.03
goal strategy objective,1,3,26,19,3.85%,15.79%,4.23,2.05
strategic goals vs objectives,1,1,26,6,3.85%,16.67%,5.38,5.67
game changer expression,1,0,26,0,3.85%,0%,10.08,0
facebook segmentation,1,2,26,43,3.85%,4.65%,35.08,13.56
analytics r,1,0,26,0,3.85%,0%,37.88,0
je hais le lundi,1,3,25,25,4%,12%,2.16,2.04
xavier mainville,1,0,25,0,4%,0%,3.2,0
certification blueprint facebook,1,0,25,0,4%,0%,7.4,0
torrent411.com,1,0,25,0,4%,0%,7.4,0
stratégie numerique,1,0,25,0,4%,0%,14.24,0
marketing agency montreal,1,0,25,0,4%,0%,88.44,0
website content brief,1,1,24,4,4.17%,25%,2.96,1
dashboard data analysis,1,1,24,40,4.17%,2.5%,4.83,3.4
tactique marketing,1,2,24,23,4.17%,8.7%,6.38,5.65
adobe attribution model,1,0,24,0,4.17%,0%,7.88,0
tactical objectives definition,1,0,24,0,4.17%,0%,8.25,0
cheat sheet en francais,1,1,24,30,4.17%,3.33%,8.88,7.37
j'aime pas les lundis,1,0,24,0,4.17%,0%,8.88,0
snippets in seo,1,0,24,0,4.17%,0%,17.96,0
appelez-nous au téléphone,1,0,23,0,4.35%,0%,3.83,0
marketing strategy vs tactics examples,1,0,23,0,4.35%,0%,5.96,0
script adwords,1,0,23,0,4.35%,0%,12.48,0
analyse des parties prenantes,1,0,23,0,4.35%,0%,13.91,0
business rigor,1,1,22,14,4.55%,7.14%,5.59,6.64
what is the difference between strategy and objective,1,1,21,7,4.76%,14.29%,3.67,4.43
difference between goals objectives strategies and tactics,1,0,21,0,4.76%,0%,5.05,0
ux seks,1,0,20,0,5%,0%,1,0
objectives strategy,1,0,20,0,5%,0%,1.1,0
culture in project management,1,1,20,18,5%,5.56%,7.45,5.72
google analytics with r,1,0,20,0,5%,0%,7.8,0
notre equipe,1,16,20,190,5%,8.42%,8.2,4.75
formation adobe analytics,1,0,20,0,5%,0%,8.85,0
bouton partager facebook html,1,1,20,17,5%,5.88%,10.7,6.94
planification tactique,1,0,20,0,5%,0%,27.45,0
off facebook activity,1,0,20,0,5%,0%,42.05,0
objective vs tactic,1,4,19,21,5.26%,19.05%,1,1
sustainable digital marketing,1,3,19,13,5.26%,23.08%,2.89,1.85
strategies and objectives,1,3,19,24,5.26%,12.5%,3.16,3.58
difference between strategies and objectives,1,1,19,13,5.26%,7.69%,3.89,4.54
difference between strategic goals and objectives,1,0,19,0,5.26%,0%,5.05,0
guide style,1,1,19,27,5.26%,3.7%,5.47,3.67
power bi google data studio,1,1,19,22,5.26%,4.55%,10.05,5.91
dmp company,1,0,19,0,5.26%,0%,15.37,0
game changer definition,1,0,19,0,5.26%,0%,15.58,0
concours facebook application,1,0,18,0,5.56%,0%,2.06,0
telecharger power editor facebook,1,0,18,0,5.56%,0%,2.22,0
describe how organizational culture is related to project management,1,0,18,0,5.56%,0%,3.56,0
comment mesurer la notoriété,1,0,18,0,5.56%,0%,4.28,0
goals vs tactics,1,0,18,0,5.56%,0%,4.72,0
différence entre stratégie et plan d'action,1,1,18,27,5.56%,3.7%,5.28,5.7
google analytics pages vues,1,0,18,0,5.56%,0%,7,0
cookie pocalypse,1,0,18,0,5.56%,0%,7.67,0
content briefing template,1,4,18,17,5.56%,23.53%,7.89,1.35
programmatique marketing,1,2,18,15,5.56%,13.33%,11.11,16.4
google power bi,1,0,18,0,5.56%,0%,18.39,0
google ads auction,1,0,18,0,5.56%,0%,26.72,0
objectives tactics strategies,1,0,17,0,5.88%,0%,1.12,0
goals objective strategies and tactics,1,1,17,13,5.88%,7.69%,1.18,4.15
strategy goals tactics,1,3,17,18,5.88%,16.67%,1.29,1.11
objective goal strategy,1,3,17,37,5.88%,8.11%,3.41,3.35
objectives and strategy,1,1,17,25,5.88%,4%,3.71,3.4
objective strategies,1,0,16,0,6.25%,0%,1,0
itm google analytics,1,0,16,0,6.25%,0%,2.62,0
stratégie exemple,1,3,16,18,6.25%,16.67%,5.44,3.56
difference between goals strategies and tactics,1,0,16,0,6.25%,0%,5.69,0
marketing de masse avantages,1,2,16,15,6.25%,13.33%,7.44,6.27
outreach francais,1,0,16,0,6.25%,0%,10.31,0
cible objectif,1,0,16,0,6.25%,0%,11.25,0
google ads app install,1,0,16,0,6.25%,0%,12,0
agence web montréal,1,0,16,0,6.25%,0%,97.38,0
paradoxe de la gestion de projet,1,0,15,0,6.67%,0%,4.13,0
key insights traduction,1,0,15,0,6.67%,0%,6.13,0
consultant en transformation numérique,1,1,15,6,6.67%,16.67%,7.47,3.83
google data studio or power bi,1,0,15,0,6.67%,0%,9.33,0
strategie adwords,1,1,15,7,6.67%,14.29%,19.47,4.71
dmp audiences,1,0,15,0,6.67%,0%,32.87,0
data driven francais,1,0,14,0,7.14%,0%,6.36,0
nombre utilisateurs amazon,1,0,14,0,7.14%,0%,7.43,0
les indicateurs de mesure du marché,1,0,14,0,7.14%,0%,7.93,0
tactique stratégique,1,0,14,0,7.14%,0%,8.71,0
nombre de caractères post facebook,1,0,14,0,7.14%,0%,10.57,0
analytics strategy template,1,0,13,0,7.69%,0%,4.15,0
jf renaud,1,0,13,0,7.69%,0%,4.92,0
masse marketing,1,0,13,0,7.69%,0%,5.77,0
niveau stratégique tactique et opérationnel,1,0,13,0,7.69%,0%,5.77,0
moulaye traore,1,2,13,14,7.69%,14.29%,6.38,4.21
data analytic dashboard,1,0,13,0,7.69%,0%,7.92,0
internal link tracking google analytics,1,0,13,0,7.69%,0%,8.85,0
data studio power bi,1,1,13,19,7.69%,5.26%,9.08,8.68
stm tous azimut,1,0,13,0,7.69%,0%,9.85,0
torren 411,1,0,13,0,7.69%,0%,12.46,0
role du marketing,1,0,13,0,7.69%,0%,16.46,0
plan de contenu,1,0,12,0,8.33%,0%,4.08,0
content brief templates,1,0,12,0,8.33%,0%,7.42,0
traduction de insight,1,0,12,0,8.33%,0%,9.58,0
most mission objectives strategy tactics,1,1,12,15,8.33%,6.67%,11.08,6.67
media technology,1,0,12,0,8.33%,0%,12,0
safari (in-app) google analytics,1,0,12,0,8.33%,0%,35.08,0
pyramide stratégique tactique opérationnel,1,3,11,40,9.09%,7.5%,1,8.05
comment inciter les clients à acheter,1,0,11,0,9.09%,0%,3.09,0
les rich snippets,1,6,11,24,9.09%,25%,3.45,2.33
describe how organizational culture is related to project management.,1,0,11,0,9.09%,0%,3.73,0
taille image email,1,0,11,0,9.09%,0%,5.18,0
what is the difference between a goal and a strategy,1,0,11,0,9.09%,0%,5.82,0
media numérique,1,1,11,24,9.09%,4.17%,6.55,6.33
cheat sheet francais,1,0,11,0,9.09%,0%,7.18,0
culture organisationnelle et leadership,1,0,11,0,9.09%,0%,8.82,0
microsoft power bi vs google data studio,1,0,11,0,9.09%,0%,9.18,0
insight traduction marketing,1,0,11,0,9.09%,0%,10.82,0
google tag man,1,0,11,0,9.09%,0%,11.27,0
e commerce company structure,1,0,11,0,9.09%,0%,28.64,0
digital media strategist,1,0,11,0,9.09%,0%,38.55,0
exemples d'objectifs stratégiques d'une entreprise,1,0,10,0,10%,0%,3.3,0
exemple objectifs stratégiques d'une entreprise,1,0,10,0,10%,0%,4.3,0
project rigor,1,0,10,0,10%,0%,4.4,0
one pagers,1,0,10,0,10%,0%,6.7,0
r and google analytics,1,0,10,0,10%,0%,6.7,0
niveau tactique,1,0,10,0,10%,0%,7.8,0
track internal links google analytics,1,0,10,0,10%,0%,9.2,0
brand reputation measurement,1,2,10,9,10%,22.22%,9.4,2.22
exemple enjeux et objectif,1,0,10,0,10%,0%,13,0
framework e commerce,1,0,10,0,10%,0%,17.1,0
insight exploitable,1,0,9,0,11.11%,0%,2.67,0
guide de style web,1,0,9,0,11.11%,0%,5.44,0
"""one pager""",1,0,9,0,11.11%,0%,5.89,0
marché de l'alimentation,1,0,9,0,11.11%,0%,11.11,0
how to generate insights from data,1,0,9,0,11.11%,0%,15,0
safari in-app,1,4,9,19,11.11%,21.05%,16,38.47
elsa badinier,1,0,8,0,12.5%,0%,1.5,0
tactics vs objectives,1,0,8,0,12.5%,0%,3.38,0
lisa camier,1,0,8,0,12.5%,0%,5.5,0
2022 apocalypse,1,0,8,0,12.5%,0%,5.62,0
google data studio vs power bi 2019,1,0,8,0,12.5%,0%,7.88,0
generating insights from data,1,0,8,0,12.5%,0%,12.25,0
my little box canada,1,0,8,0,12.5%,0%,12.62,0
définition programmatique,1,0,8,0,12.5%,0%,13.38,0
difference strategy and tactics,1,0,8,0,12.5%,0%,37.5,0
dimension email,1,0,7,0,14.29%,0%,3.57,0
stratégie et plan d'action,1,0,7,0,14.29%,0%,6.43,0
publier sur plusieurs pages facebook,1,0,7,0,14.29%,0%,9.86,0
payer une contravention ville de montréal,1,0,7,0,14.29%,0%,10,0
2020 voice search,1,0,7,0,14.29%,0%,10.14,0
adwords app download,1,0,7,0,14.29%,0%,12.14,0
impact of cultural diversity in project management,1,0,7,0,14.29%,0%,16.29,0
stratégie numérique du québec,1,0,7,0,14.29%,0%,16.86,0
social media impact,1,0,7,0,14.29%,0%,41.14,0
voice search 2019,1,0,7,0,14.29%,0%,53.86,0
due diligence retail business,1,0,7,0,14.29%,0%,56.14,0
subscription based business model,1,0,6,0,16.67%,0%,3.83,0
how do you measure reputation,1,0,6,0,16.67%,0%,5.67,0
liste des articles,1,0,6,0,16.67%,0%,6.83,0
objectifs stratégiques définition,1,0,6,0,16.67%,0%,7.67,0
analytics omniture,1,0,6,0,16.67%,0%,8.17,0
nombre utilisateur amazon,1,0,6,0,16.67%,0%,9,0
benefits of subscription boxes,1,0,6,0,16.67%,0%,10.83,0
jacques pigeon,1,0,6,0,16.67%,0%,30.17,0
facebook certified media buying professional,1,0,6,0,16.67%,0%,32.83,0
consumer impact marketing,1,0,6,0,16.67%,0%,34.67,0
jennifer durocher,1,0,6,0,16.67%,0%,44.5,0
structure organisationnelle entreprise,1,0,6,0,16.67%,0%,49.5,0
format invitation mail,1,1,5,4,20%,25%,3.6,2
create actionable insights,1,0,5,0,20%,0%,5.2,0
combiner les données data studio,1,0,5,0,20%,0%,6,0
digitoa,1,0,5,0,20%,0%,9.6,0
taux de rebond moyen 2019,1,0,5,0,20%,0%,9.8,0
stratégie d'organisation,1,0,5,0,20%,0%,10.6,0
objectifs stratégiques et opérationnels,1,0,5,0,20%,0%,13,0
vision mission objectifs stratégie,1,2,5,86,20%,2.33%,14.4,7.76
marketing intelligence artificielle,1,0,5,0,20%,0%,15.4,0
cirque du soleil marketing strategy,1,0,5,0,20%,0%,16.2,0
nautilus plus prix,1,0,5,0,20%,0%,20,0
guide marketing automation,1,0,5,0,20%,0%,38.2,0
objectives strategies and tactics examples,1,3,4,17,25%,17.65%,1,1
strategies tactics and objectives,1,0,4,0,25%,0%,1,0
grc google,1,0,4,0,25%,0%,4.25,0
types d'organisation du travail,1,0,4,0,25%,0%,4.75,0
strategie ux,1,0,4,0,25%,0%,6.25,0
publicités ciblées,1,0,4,0,25%,0%,9.75,0
impact of social media on consumers,1,0,4,0,25%,0%,10.25,0
la culture de l'organisation,1,0,4,0,25%,0%,11,0
certification facebook gratuit,1,1,4,49,25%,2.04%,18.75,8.04
bonheur au travail entreprise,1,0,4,0,25%,0%,29.5,0
the game changers en francais,1,0,4,0,25%,0%,32,0
strategy versus tactic,1,0,4,0,25%,0%,33.75,0
facebook certification exam questions,1,0,4,0,25%,0%,42.75,0
marketing des services financiers,1,0,4,0,25%,0%,47.5,0
agence montreal,1,0,4,0,25%,0%,52.5,0
avinash kaushik,1,0,4,0,25%,0%,75,0
bi google data studio,1,0,3,0,33.33%,0%,3,0
google adwords vs google analytics,1,0,3,0,33.33%,0%,5,0
chargé de projet qualité,1,0,3,0,33.33%,0%,11,0
objectifs stratégiques et opérationnels exemples,1,0,3,0,33.33%,0%,14.67,0
how do subscription boxes work,1,0,3,0,33.33%,0%,15.67,0
strategie netflix,1,0,3,0,33.33%,0%,16,0
mise en page responsive,1,0,3,0,33.33%,0%,24.33,0
yahoo answers vs quora,1,0,3,0,33.33%,0%,24.33,0
utilisation qr code,1,0,3,0,33.33%,0%,28,0
dmp programmatic advertising,1,0,3,0,33.33%,0%,30.33,0
google snipet,1,0,2,0,50%,0%,1,0
vente de lead,1,0,2,0,50%,0%,2,0
bounce rate google,1,0,2,0,50%,0%,3,0
exemple objectif stratégique,1,0,2,0,50%,0%,3,0
adbiso,1,0,2,0,50%,0%,4,0
nouveau facebook 2020,1,0,2,0,50%,0%,6,0
aviso web,1,0,2,0,50%,0%,6.5,0
analysis beta google analytics,1,0,2,0,50%,0%,9.5,0
dmp ecommerce,1,0,2,0,50%,0%,10.5,0
agence marketing numérique montréal,1,0,2,0,50%,0%,11.5,0
safari (in-app) analytics,1,0,2,0,50%,0%,13,0
les 5 niveaux d'un produit,1,0,2,0,50%,0%,14,0
goals objectives actions,1,0,2,0,50%,0%,17.5,0
supprimer lignes infinies excel,1,0,2,0,50%,0%,18,0
safari vs safari in app,1,0,2,0,50%,0%,25,0
equivalent power bi gratuit,1,0,2,0,50%,0%,26,0
difference between gdn and programmatic,1,0,2,0,50%,0%,28,0
analyse merchandising magasin,1,0,2,0,50%,0%,32,0
advizo,1,0,1,0,100%,0%,1,0
collect data from multiple sources,1,0,1,0,100%,0%,1,0
seks ux,1,0,1,0,100%,0%,1,0
how to mass market a product,1,0,1,0,100%,0%,2,0
in app browser,1,1,1,2,100%,50%,2,40
organic reach facebook,1,0,1,0,100%,0%,3,0
style guideline,1,0,1,0,100%,0%,4,0
webdocu,1,0,1,0,100%,0%,5,0
entreprise profitable,1,0,1,0,100%,0%,6,0
game-changer definition,1,0,1,0,100%,0%,6,0
martech 2019,1,0,1,0,100%,0%,6,0
objective intelligence,1,0,1,0,100%,0%,6,0
marketing prospects,1,0,1,0,100%,0%,7,0
mia marin snapchat,1,0,1,0,100%,0%,7,0
5 organisation,1,0,1,0,100%,0%,8,0
pagetracker._trackpageview,1,0,1,0,100%,0%,8,0
google ads app store,1,0,1,0,100%,0%,9,0
see think do care framework,1,0,1,0,100%,0%,9,0
catbreading,1,0,1,0,100%,0%,10,0
definir strategie,1,0,1,0,100%,0%,11,0
tactic vs strategy definition,1,0,1,0,100%,0%,12,0
problématique culture d'entreprise,1,0,1,0,100%,0%,14,0
stratégie politique tactique,1,0,1,0,100%,0%,17,0
filtre excel raccourci clavier,1,0,1,0,100%,0%,18,0
objectifs communication,1,0,1,0,100%,0%,22,0
facebook blueprint sample questions,1,0,1,0,100%,0%,33,0
generation.z,1,0,1,0,100%,0%,34,0
party apocalypse,1,0,1,0,100%,0%,34,0
why did my facebook change languages,1,0,1,0,100%,0%,50,0
mieux que tinder,1,0,1,0,100%,0%,163,0
digital strategy,0,0,3174,181,0%,0%,61.43,125.37
nautilus plus,0,0,3150,343,0%,0%,8.36,8.49
website development,0,0,2398,0,0%,0%,71.27,0
sem,0,0,2032,1797,0%,0%,61.45,74.43
seo montreal,0,5,2009,2033,0%,0.25%,27.21,20.02
lead generation,0,0,1880,556,0%,0%,40.26,43.53
google ranking,0,0,1700,186,0%,0%,81.91,45.23
content marketing,0,0,1663,0,0%,0%,58.8,0
i search from,0,0,1557,276,0%,0%,8.57,6.66
data analytics strategy,0,0,1477,247,0%,0%,9.97,29.2
facebook blueprint,0,0,1283,756,0%,0%,56.16,43.57
social media marketing agency,0,0,1201,0,0%,0%,77.66,0
tactique,0,0,1200,0,0%,0%,12.37,0
strategy page,0,0,1158,0,0%,0%,2.78,0
lead generation marketing,0,0,1150,0,0%,0%,46.84,0
google analytics,0,0,1088,610,0%,0%,56.86,75.51
google keywords,0,0,1026,1420,0%,0%,71.91,47.59
"google,ca",0,0,989,0,0%,0%,9.3,0
ux strategy,0,0,939,0,0%,0%,80.12,0
transformation numérique,0,1,917,744,0%,0.13%,44.07,38.82
adobe analytics,0,0,905,203,0%,0%,28.53,61.17
single customer view,0,0,838,0,0%,0%,61.29,0
analytics strategy,0,1,805,388,0%,0.26%,2.51,9
google canada,0,0,803,0,0%,0%,52.87,0
google ca,0,0,792,0,0%,0%,14.6,0
référencement organique,0,0,770,420,0%,0%,43.94,70.76
tinder algorithm,0,0,760,0,0%,0%,1.41,0
marketing analytics,0,0,754,0,0%,0%,64.72,0
online merchandising,0,1,752,307,0%,0.33%,47.52,33.02
adwords,0,0,749,0,0%,0%,58.06,0
google adwords,0,0,736,0,0%,0%,65.16,0
digital advertising,0,0,733,0,0%,0%,77.23,0
taux de rebond,0,3,723,501,0%,0.6%,31.93,27.01
strategic objectives,0,0,715,202,0%,0%,19.75,98.63
des mots clés plus,0,0,665,1701,0%,0%,143.77,166.33
busbud,0,2,614,3217,0%,0.06%,23.96,8.01
seo services montreal,0,0,610,0,0%,0%,82.17,0
tinder elo,0,1,607,90,0%,1.11%,1.37,14.28
rich snippets in search,0,0,593,0,0%,0%,74.07,0
data management platform,0,0,582,320,0%,0%,79.58,75.17
utm google analytics,0,0,575,0,0%,0%,53.99,0
google optimize,0,0,572,0,0%,0%,67.42,0
google analytics utm,0,0,564,229,0%,0%,42.34,85.21
mots clés plus,0,0,545,1290,0%,0%,71.57,33.28
what is a cdp,0,0,538,0,0%,0%,47.62,0
vigie,0,0,529,0,0%,0%,10.84,0
ad copy,0,2,524,352,0%,0.57%,42.36,21.72
content marketing strategist,0,0,523,0,0%,0%,38.87,0
googlecom,0,0,518,0,0%,0%,7.29,0
google adwords guide,0,0,511,271,0%,0%,80.27,84.2
des mots clés,0,0,511,494,0%,0%,116.3,89.42
not provided,0,2,504,1136,0%,0.18%,28.92,17.12
sem adwords,0,0,497,490,0%,0%,16.89,26.38
seo référencement,0,0,488,499,0%,0%,61.83,71.89
content marketing analytics,0,0,481,0,0%,0%,74.3,0
not provided google analytics,0,1,478,847,0%,0.12%,20.88,51.7
médias sociaux,0,0,475,194,0%,0%,46.08,70.71
agence seo montréal,0,0,474,236,0%,0%,5.25,7.56
digital media agency,0,0,472,0,0%,0%,68.69,0
conversion rate optimization,0,0,470,0,0%,0%,72.47,0
outsource digital marketing,0,0,467,0,0%,0%,87.8,0
oncrawl,0,0,464,363,0%,0%,35.75,36.45
seo referencement,0,0,457,293,0%,0%,56.39,68.46
marketing,0,0,454,0,0%,0%,39.23,0
strategy vs tactics,0,0,450,1564,0%,0%,38.47,5.79
profitabilité,0,0,443,0,0%,0%,10.58,0
marketing lead generation,0,0,440,0,0%,0%,50.32,0
lead marketing,0,0,437,0,0%,0%,62.18,0
web marketing analytics,0,0,435,0,0%,0%,71.45,0
facebook language,0,0,431,397,0%,0%,11.94,7.76
chuck norris facts,0,0,430,212,0%,0%,56.3,44.17
marketing numérique,0,0,428,0,0%,0%,52.95,0
data and analytics strategy,0,0,426,0,0%,0%,6.82,0
keyword planner,0,0,423,181,0%,0%,37.66,47.25
montreal seo company,0,0,416,0,0%,0%,75.14,0
social media agency,0,0,414,0,0%,0%,75.41,0
google keyword planner,0,0,412,164,0%,0%,36.08,60.66
marketing internet,0,0,404,0,0%,0%,48.38,0
seo company montreal,0,0,404,0,0%,0%,49.38,0
strategy definition,0,0,404,382,0%,0%,50.73,43.4
content marketing strategy,0,0,399,0,0%,0%,81.82,0
omni channel analytics,0,0,396,231,0%,0%,49.65,62.03
search engine optimization montreal,0,0,394,400,0%,0%,27.57,26.24
what is a lead in marketing,0,0,394,0,0%,0%,45.4,0
keyword,0,0,394,0,0%,0%,52.07,0
what is a dmp,0,0,392,241,0%,0%,44.79,46.44
what are rich snippets,0,0,389,189,0%,0%,23.22,24.03
seo rich snippets,0,0,388,239,0%,0%,13.25,13.17
organizational culture is best explained as organizational,0,0,383,0,0%,0%,10.13,0
voice search statistics,0,0,382,0,0%,0%,163.35,0
groupe park avenue,0,0,378,0,0%,0%,11.56,0
how many google searches per day,0,0,377,0,0%,0%,88.11,0
strategy tactics,0,2,371,461,0%,0.43%,6.8,7.2
example of strategy,0,1,370,70,0%,1.43%,2.96,5
branding,0,0,370,0,0%,0%,85.08,0
expérience utilisateur,0,0,364,350,0%,0%,34.1,37.74
marketing ai,0,0,362,0,0%,0%,54.14,0
google analytics premium,0,0,360,858,0%,0%,48.08,23.11
générer des leads,0,0,354,0,0%,0%,44.99,0
stratégie web,0,0,353,661,0%,0%,33.26,14.51
google .ca,0,0,348,0,0%,0%,10.16,0
position google,0,0,348,0,0%,0%,72.34,0
adwords mobile,0,0,345,413,0%,0%,33.34,40.8
seo agency montreal,0,0,345,185,0%,0%,71.27,84.83
pme mtl,0,0,342,0,0%,0%,6.35,0
strategies and tactics,0,2,341,134,0%,1.49%,8.23,9.57
waq,0,0,339,0,0%,0%,37.22,0
conception site web,0,0,338,0,0%,0%,90.72,0
facebook certification,0,1,335,160,0%,0.62%,31.74,34.54
what is a customer data platform,0,0,331,0,0%,0%,72.83,0
analytics,0,0,329,0,0%,0%,42.94,0
stratégie numérique,0,0,328,149,0%,0%,22.19,64.6
notoriété,0,0,328,0,0%,0%,75.1,0
référencement internet,0,0,326,163,0%,0%,24.88,31.28
content marketing services,0,0,325,0,0%,0%,47.7,0
référencement montréal,0,0,324,271,0%,0%,2.95,2.97
adwords app,0,0,315,194,0%,0%,29.81,36.07
benchmark,0,0,315,0,0%,0%,39.41,0
omnichannel analytics,0,0,311,313,0%,0%,68.4,77.62
référencement local,0,0,304,0,0%,0%,70.54,0
digital marketing agency montreal,0,0,304,0,0%,0%,87.75,0
using utm,0,0,302,165,0%,0%,63.66,70.94
objective definition,0,0,296,298,0%,0%,63.44,33.34
referencement,0,0,295,478,0%,0%,22.94,35.9
web traffic analytics,0,0,294,180,0%,0%,64.48,63.64
spécialiste adwords,0,0,293,0,0%,0%,74.11,0
strategy example,0,0,289,0,0%,0%,3.07,0
gestion de projet,0,0,289,0,0%,0%,48.95,0
adobe analytics vs google analytics,0,1,287,133,0%,0.75%,70.28,26.86
best seo company in montreal,0,0,286,153,0%,0%,54.13,65.46
keyword grouper,0,0,286,621,0%,0%,92.53,88.93
agence référencement web,0,0,284,182,0%,0%,6.91,9.88
data studio,0,0,284,0,0%,0%,69.92,0
customer experience cx,0,0,284,0,0%,0%,93.48,0
customer data platform definition,0,0,283,0,0%,0%,70.4,0
keywords google,0,0,281,670,0%,0%,72.17,31.21
tous azimuts stm,0,0,279,0,0%,0%,7.56,0
actionable data,0,0,279,0,0%,0%,16.13,0
define lead generation,0,0,278,0,0%,0%,70.03,0
fondation jean lapointe,0,0,274,0,0%,0%,8.84,0
best customer data platform,0,0,273,0,0%,0%,83.07,0
agence de référencement,0,0,270,156,0%,0%,13.87,39.37
expert seo montreal,0,0,268,334,0%,0%,23.07,37.64
rich snippets examples,0,0,268,158,0%,0%,43.61,30.64
utm link,0,0,263,158,0%,0%,35.99,31.84
customer data infrastructure,0,0,263,0,0%,0%,39.62,0
courriel,0,0,262,0,0%,0%,44.59,0
utm source,0,0,259,169,0%,0%,72.61,47.37
utm tags,0,0,255,375,0%,0%,50.3,42.43
digital media,0,0,253,0,0%,0%,47.82,0
outsource your digital marketing,0,0,252,0,0%,0%,58.82,0
attribution analysis,0,0,252,0,0%,0%,77.76,0
seo services,0,0,251,0,0%,0%,81.27,0
data management platform definition,0,0,250,0,0%,0%,40.04,0
last click attribution,0,0,250,197,0%,0%,47.5,17.76
subscription box,0,0,250,0,0%,0%,79.19,0
optimisation adwords,0,0,249,213,0%,0%,13.17,11.35
dmp data management platform,0,0,245,245,0%,0%,83.52,51
optimisation campagne adwords,0,0,244,136,0%,0%,13.36,10.82
agence web,0,0,244,219,0%,0%,75,96.79
experience utilisateur,0,1,243,169,0%,0.59%,39.02,58.12
youtube ads,0,0,242,0,0%,0%,28.76,0
define strategy,0,0,241,256,0%,0%,23.8,16.89
marketing lead,0,0,241,0,0%,0%,43.83,0
tactics examples,0,1,239,49,0%,2.04%,3.13,11.84
agence référencement,0,0,239,473,0%,0%,10.97,55.75
referencement site web,0,0,239,246,0%,0%,42.56,85.57
web site development,0,0,239,0,0%,0%,71.36,0
agence référencement naturel,0,0,238,190,0%,0%,14.48,46.74
marketing artificial intelligence,0,0,238,0,0%,0%,54.04,0
r analytics,0,0,236,0,0%,0%,67.49,0
organizational culture,0,1,235,806,0%,0.12%,69.4,84.04
workshop template,0,0,234,0,0%,0%,32.99,0
stm tous azimuts,0,0,233,0,0%,0%,9.81,0
not provided analytics,0,1,232,403,0%,0.25%,10.99,49.45
voice search,0,0,232,0,0%,0%,96.75,0
marketing automation,0,0,231,384,0%,0%,55.58,111.93
googleca,0,0,228,0,0%,0%,9.66,0
what is lead generation marketing,0,0,228,0,0%,0%,39.76,0
ai marketing,0,0,227,0,0%,0%,65.44,0
seo monitor content performance,0,0,226,0,0%,0%,77.04,0
sem best practices,0,0,224,0,0%,0%,43.38,0
what is online merchandising,0,0,224,0,0%,0%,44.37,0
mass marketing examples,0,0,223,0,0%,0%,17.91,0
best seo agency in montreal,0,0,222,0,0%,0%,70.87,0
traffic source,0,0,220,0,0%,0%,97.01,0
mobile app install campaigns,0,0,219,0,0%,0%,29.25,0
what is a ux strategy,0,0,219,0,0%,0%,55.95,0
tactical goals,0,0,218,0,0%,0%,5.55,0
user experience ux,0,0,217,0,0%,0%,56.38,0
agence numérique,0,0,215,0,0%,0%,17.04,0
google ranking analysis,0,0,214,0,0%,0%,47.39,0
google web traffic,0,0,214,0,0%,0%,67.88,0
utm in google analytics,0,0,214,0,0%,0%,80.18,0
exacttarget data extract,0,0,213,0,0%,0%,26.18,0
artificial intelligence marketing,0,0,213,0,0%,0%,62.77,0
content marketing montreal,0,0,212,0,0%,0%,5.22,0
adwords what is it,0,0,212,0,0%,0%,46.44,0
mots clés google,0,0,212,0,0%,0%,57.08,0
cdp customer data platform,0,0,212,0,0%,0%,62.65,0
image de marque,0,0,212,242,0%,0%,65.75,73.24
lead generation sources,0,0,212,0,0%,0%,66.81,0
positionnement stratégique,0,0,211,0,0%,0%,35.68,0
content creation,0,0,211,0,0%,0%,84.9,0
référencement web montréal,0,0,210,209,0%,0%,3.15,1
content strategy,0,0,210,0,0%,0%,94.84,0
strategic goals and objectives,0,5,209,285,0%,1.75%,2.99,6.53
google us,0,0,209,0,0%,0%,50.96,0
keyword tool,0,0,208,0,0%,0%,50.95,0
digital marketing agency in montreal,0,0,208,0,0%,0%,91.88,0
agence referencement web,0,0,207,282,0%,0%,8.13,24
veille médias sociaux,0,1,207,173,0%,0.58%,24.87,10.46
seo service montreal,0,0,206,0,0%,0%,62.37,0
adwords keyword planner,0,0,204,0,0%,0%,36.74,0
consultant google analytics,0,0,201,0,0%,0%,74.68,0
attribution omnicanal,0,0,200,0,0%,0%,27,0
recherche vocale google,0,0,200,0,0%,0%,37.21,0
isearch from,0,0,199,0,0%,0%,9.77,0
intelligence artificielle,0,0,199,0,0%,0%,47.31,0
google utm,0,0,199,378,0%,0%,72.17,82.7
data analytics dashboard,0,0,198,0,0%,0%,24.33,0
sem agency,0,0,198,0,0%,0%,75.77,0
agence seo quebec,0,0,198,0,0%,0%,75.88,0
modèles d’attribution marketing,0,0,198,0,0%,0%,77.83,0
cdp data,0,0,196,0,0%,0%,46.28,0
lead in marketing,0,0,194,0,0%,0%,43.18,0
behavioural marketing,0,0,194,242,0%,0%,58.48,14.51
média numérique,0,4,193,171,0%,2.34%,8.18,7.41
cirque du soleil,0,0,193,0,0%,0%,49.68,0
evenko,0,0,192,0,0%,0%,18.86,0
tag manager,0,0,192,0,0%,0%,78.1,0
customer data management platform,0,0,192,0,0%,0%,79.76,0
référencement montreal,0,0,191,165,0%,0%,2.84,2.45
tableau de bord excel,0,0,191,0,0%,0%,35.38,0
utm tag,0,0,190,0,0%,0%,39.02,0
what is dmp,0,0,189,0,0%,0%,83.3,0
pme montreal,0,0,188,0,0%,0%,12.53,0
actionable insight,0,0,188,0,0%,0%,15.41,0
formation google analytics,0,0,188,137,0%,0%,37.02,52.31
seo snippets,0,1,187,71,0%,1.41%,13.58,16.66
adwords sem,0,0,187,0,0%,0%,18.3,0
augmented analytics,0,0,187,0,0%,0%,76.86,0
analytics 360 pricing,0,0,186,199,0%,0%,43.23,29.87
what is voice search,0,0,186,0,0%,0%,142.85,0
référencement site web,0,0,185,0,0%,0%,28.32,0
référencement naturel,0,0,185,0,0%,0%,52.73,0
tactics and strategy,0,0,183,0,0%,0%,11.24,0
veille réseaux sociaux,0,0,183,216,0%,0%,34.61,32.55
exacttarget,0,0,183,0,0%,0%,77.21,0
google page ranking,0,0,183,0,0%,0%,88.62,0
reitmans,0,0,182,0,0%,0%,32.02,0
stratégie seo,0,0,182,0,0%,0%,70.19,0
ux,0,0,182,0,0%,0%,72.34,0
agence marketing montréal,0,0,182,0,0%,0%,83.52,0
seo expert montreal,0,0,181,0,0%,0%,13.17,0
sales lead management,0,0,181,0,0%,0%,84.24,0
social marketing agency,0,0,181,0,0%,0%,89.96,0
firme marketing,0,0,180,0,0%,0%,31.91,0
gdpr,0,0,179,0,0%,0%,56.47,0
lasik,0,0,179,0,0%,0%,87.66,0
premiere chaine,0,0,178,0,0%,0%,7.73,0
azimut stm,0,0,178,0,0%,0%,12.64,0
customer data platform use cases,0,0,178,0,0%,0%,72.07,0
google adwords keyword planner,0,0,177,152,0%,0%,19.78,22.45
adwords ad writing tool,0,0,177,0,0%,0%,21.67,0
ecommerce marketing,0,0,177,0,0%,0%,88.27,0
not-provided,0,0,176,197,0%,0%,26.65,11.3
tinder algorithme,0,16,0,157,0%,10.19%,0,4.97
algorythme tinder,0,12,0,65,0%,18.46%,0,3.46
algorithme de tinder,0,8,0,25,0%,32%,0,4.04
how does the culture of an organization influence the quality of estimates,0,7,0,30,0%,23.33%,0,5.67
what organizational culture aspects will influence a project,0,7,0,15,0%,46.67%,0,1.07
how cultures affect team management,0,6,0,23,0%,26.09%,0,7.96
"quels sont les facteurs qui ont permis l'évolution de la forme et de 
l'ergonomie des téléphones",0,6,0,17,0%,35.29%,0,1
what aspects of organizational culture will influence a project,0,6,0,15,0%,40%,0,1
que mettre dans un pied de page,0,6,0,10,0%,60%,0,1.6
auto 123,0,5,0,3628,0%,0.14%,0,5.02
how to manage stakeholders,0,5,0,206,0%,2.43%,0,10.45
stratégie tactique,0,5,0,170,0%,2.94%,0,7.57
facebook app install,0,5,0,134,0%,3.73%,0,7.34
buy keywords google,0,5,0,46,0%,10.87%,0,5.91
quebectorrent nouveau site,0,5,0,28,0%,17.86%,0,3.29
dashboard for data analysis,0,5,0,20,0%,25%,0,2.85
mots clés tourisme,0,5,0,18,0%,27.78%,0,3
social alienation,0,4,0,521,0%,0.77%,0,11.27
organic search not provided,0,4,0,157,0%,2.55%,0,37.06
un bon client,0,4,0,111,0%,3.6%,0,5.07
sex.ux,0,4,0,61,0%,6.56%,0,4.8
comment calculer le taux de notoriété,0,4,0,42,0%,9.52%,0,5
objectives and tactics,0,4,0,34,0%,11.76%,0,2.53
content briefs,0,4,0,27,0%,14.81%,0,2.26
uiwebview c'est quoi,0,4,0,26,0%,15.38%,0,5
objectives strategies and tactics,0,4,0,24,0%,16.67%,0,1.58
outil de veille facebook gratuit,0,4,0,22,0%,18.18%,0,2.45
indicateur de notoriété,0,4,0,21,0%,19.05%,0,1.95
calcul taux de rebond google analytics,0,4,0,16,0%,25%,0,2.62
referencement web montreal,0,3,0,203,0%,1.48%,0,1.45
social media formats,0,3,0,198,0%,1.52%,0,8.71
analysis workspace,0,3,0,131,0%,2.29%,0,7.02
comité aviseur,0,3,0,127,0%,2.36%,0,7.43
media numerique,0,3,0,74,0%,4.05%,0,6.97
google analytics vs adobe analytics,0,3,0,71,0%,4.23%,0,19.99
elo tinder,0,3,0,61,0%,4.92%,0,6.36
qualité d'un bon gestionnaire de projet,0,3,0,49,0%,6.12%,0,4.37
seo rich snippet,0,3,0,46,0%,6.52%,0,10.57
analytics strategy example,0,3,0,39,0%,7.69%,0,17
jean-francois renaud,0,3,0,34,0%,8.82%,0,1.09
how to write ad copy for adwords,0,3,0,29,0%,10.34%,0,7.72
qu'est ce qu'une strategie,0,3,0,29,0%,10.34%,0,8.21
bouton de partage facebook,0,3,0,26,0%,11.54%,0,3.46
commercialisation numérique,0,3,0,25,0%,12%,0,1
strategy objectives and goals,0,3,0,24,0%,12.5%,0,2.29
fonctionnement algorithme tinder,0,3,0,24,0%,12.5%,0,4.83
goals strategies objectives and tactics,0,3,0,23,0%,13.04%,0,4.43
objective vs. strategy,0,3,0,20,0%,15%,0,1.3
objective strategy tactics example,0,3,0,18,0%,16.67%,0,1
is mass marketing dead or alive,0,3,0,17,0%,17.65%,0,1.35
getsetreff,0,3,0,15,0%,20%,0,3.47
rich snipets,0,3,0,14,0%,21.43%,0,9.79
exemple pied de page site web,0,3,0,13,0%,23.08%,0,6.23
combien de pages facebook peut on créer,0,3,0,11,0%,27.27%,0,2.64
mass marketing definition,0,2,0,831,0%,0.24%,0,8.74
tactic vs strategy,0,2,0,472,0%,0.42%,0,3.52
google rich snippets,0,2,0,316,0%,0.63%,0,57.6
programmatic,0,2,0,305,0%,0.66%,0,3.88
automatisation marketing,0,2,0,213,0%,0.94%,0,12.96
tactique stratégie,0,2,0,130,0%,1.54%,0,8.52
taux de notoriété,0,2,0,129,0%,1.55%,0,7.94
objectif stratégique exemple,0,2,0,125,0%,1.6%,0,8.15
strategy and tactic,0,2,0,91,0%,2.2%,0,5.25
goals vs strategies,0,2,0,80,0%,2.5%,0,8.35
des bons clients,0,2,0,76,0%,2.63%,0,10.09
riche snippet,0,2,0,68,0%,2.94%,0,2.91
médias numériques,0,2,0,65,0%,3.08%,0,13.2
brief marketing,0,2,0,60,0%,3.33%,0,18.83
taux de rebond analytics,0,2,0,56,0%,3.57%,0,5.96
c'est quoi une stratégie,0,2,0,54,0%,3.7%,0,6.74
elo score tinder,0,2,0,49,0%,4.08%,0,14.06
google dmp,0,2,0,46,0%,4.35%,0,12.28
strategy goals and objectives examples,0,2,0,45,0%,4.44%,0,1.62
le marketing de masse,0,2,0,45,0%,4.44%,0,2.8
google analytics organic search not provided,0,2,0,40,0%,5%,0,12.15
objectives of strategy,0,2,0,38,0%,5.26%,0,4.63
gestionnaire de projet,0,2,0,38,0%,5.26%,0,25.84
bouton partager facebook sur son site,0,2,0,36,0%,5.56%,0,4.78
goals objectives strategies and tactics examples,0,2,0,35,0%,5.71%,0,3.86
pied de page site web,0,2,0,34,0%,5.88%,0,4.82
difference between objectives and strategy,0,2,0,33,0%,6.06%,0,4.85
c'est quoi la stratégie,0,2,0,33,0%,6.06%,0,6.42
strategy goal objective,0,2,0,32,0%,6.25%,0,1
strategy tactics goals,0,2,0,32,0%,6.25%,0,1
kpi reputation,0,2,0,26,0%,7.69%,0,6.77
goals strategy tactics,0,2,0,25,0%,8%,0,1
goals strategy,0,2,0,25,0%,8%,0,1.2
goal strategy tactics,0,2,0,25,0%,8%,0,4.04
objectif technique,0,2,0,25,0%,8%,0,6.2
google advanced analysis,0,2,0,23,0%,8.7%,0,5.74
google snippets,0,2,0,23,0%,8.7%,0,37.57
one way that organizational culture affects project management is by,0,2,0,22,0%,9.09%,0,4.09
ecommerce departments,0,2,0,22,0%,9.09%,0,4.73
business tactics definition,0,2,0,20,0%,10%,0,19.5
"which of these is not an example of an organizational culture 
characteristic that makes project success more likely?",0,2,0,19,0%,10.53%,0,3.68
merchandising problems,0,2,0,19,0%,10.53%,0,6
strategy and objectives examples,0,2,0,19,0%,10.53%,0,8.79
tactique commerciale,0,2,0,18,0%,11.11%,0,4.17
marketing objectives vs strategies,0,2,0,18,0%,11.11%,0,7.06
stratégie tinder,0,2,0,17,0%,11.76%,0,2.94
pied de page web,0,2,0,16,0%,12.5%,0,4.94
strategy tactics objectives,0,2,0,15,0%,13.33%,0,1
strategies tactics goals objectives,0,2,0,15,0%,13.33%,0,2.67
de bons clients,0,2,0,15,0%,13.33%,0,13.93
sonia allard,0,2,0,12,0%,16.67%,0,6.75
objectives and strategies examples,0,2,0,11,0%,18.18%,0,7.27
difference between goal objective and strategy,0,2,0,8,0%,25%,0,7.88
score elo tinder,0,2,0,7,0%,28.57%,0,3.71
rich snipped,0,2,0,6,0%,33.33%,0,1
facebook ad language,0,2,0,6,0%,33.33%,0,4.33
what are three ways that organizational culture impacts project management?,0,2,0,5,0%,40%,0,2.2
algoritme tinder,0,2,0,5,0%,40%,0,2.6
actualisation automatique filtre excel,0,2,0,3,0%,66.67%,0,10.33
marché des box mensuelles,0,2,0,3,0%,66.67%,0,14.67
definition of strategy,0,1,0,1748,0%,0.06%,0,13.46
not provided in google analytics,0,1,0,651,0%,0.15%,0,74.89
not provided organic,0,1,0,626,0%,0.16%,0,44.02
big query,0,1,0,604,0%,0.17%,0,10.09
buy keywords,0,1,0,536,0%,0.19%,0,8.77
display network ads in mobile apps,0,1,0,435,0%,0.23%,0,79.16
web les,0,1,0,368,0%,0.27%,0,3.48
taux de rebond moyen,0,1,0,361,0%,0.28%,0,9.87
refonte site web,0,1,0,346,0%,0.29%,0,43.55
outil sem,0,1,0,323,0%,0.31%,0,3.14
adwords keyword estimator,0,1,0,317,0%,0.32%,0,88.07
adobe workspace,0,1,0,259,0%,0.39%,0,7.11
digital strategy services,0,1,0,246,0%,0.41%,0,30.68
referencement montreal,0,1,0,227,0%,0.44%,0,1.33
refonte de site web,0,1,0,201,0%,0.5%,0,45.2
le secret est dans la sauce,0,1,0,197,0%,0.51%,0,8.61
strategy define,0,1,0,184,0%,0.54%,0,12.23
referenceur web,0,1,0,182,0%,0.55%,0,70.33
rich snippets google,0,1,0,178,0%,0.56%,0,65.67
goal objective,0,1,0,170,0%,0.59%,0,4.28
outils sem,0,1,0,166,0%,0.6%,0,6.25
optimiser campagne adwords,0,1,0,150,0%,0.67%,0,12.23
acheter mot clé google,0,1,0,130,0%,0.77%,0,8.31
dashboard data,0,1,0,130,0%,0.77%,0,22.72
qu'est ce qu'une stratégie,0,1,0,110,0%,0.91%,0,8.81
how to buy keywords on google,0,1,0,107,0%,0.93%,0,6.93
managing stakeholder engagement,0,1,0,105,0%,0.95%,0,11.41
manage stakeholders,0,1,0,97,0%,1.03%,0,8.45
tactics definition,0,1,0,95,0%,1.05%,0,22.42
takeaways traduction,0,1,0,91,0%,1.1%,0,10.09
acheter des mots clés sur google,0,1,0,88,0%,1.14%,0,7.36
power bi vs data studio,0,1,0,88,0%,1.14%,0,9.05
tactiques marketing,0,1,0,83,0%,1.2%,0,7.2
achat mot clef google,0,1,0,83,0%,1.2%,0,7.4
stratégie et tactique,0,1,0,82,0%,1.22%,0,9.05
marketing strategy objectives,0,1,0,82,0%,1.22%,0,9.99
page de destination google analytics,0,1,0,80,0%,1.25%,0,8.65
inscription sur youtube,0,1,0,77,0%,1.3%,0,8.6
format emailing,0,1,0,76,0%,1.32%,0,8.29
raccourci clavier,0,1,0,76,0%,1.32%,0,61.01
keys to project management,0,1,0,74,0%,1.35%,0,7.68
tactique vs stratégie,0,1,0,61,0%,1.64%,0,7.79
karine miron,0,1,0,59,0%,1.69%,0,5.03
data studio vs power bi,0,1,0,59,0%,1.69%,0,9.46
data studio sources,0,1,0,58,0%,1.72%,0,8.19
je deteste le lundi,0,1,0,57,0%,1.75%,0,5.46
application jeu concours facebook,0,1,0,57,0%,1.75%,0,11.47
consultant en transformation digitale,0,1,0,57,0%,1.75%,0,22.18
stratégie vs tactique,0,1,0,56,0%,1.79%,0,8.93
analytics traduction,0,1,0,55,0%,1.82%,0,8.11
management of stakeholders,0,1,0,54,0%,1.85%,0,7.72
adobe analysis,0,1,0,54,0%,1.85%,0,10.33
qu'est ce que la stratégie,0,1,0,52,0%,1.92%,0,10.17
image newsletter,0,1,0,49,0%,2.04%,0,3.69
application pour facebook,0,1,0,49,0%,2.04%,0,16.94
analytics not provided organic search,0,1,0,48,0%,2.08%,0,3.12
strategic imperatives template,0,1,0,47,0%,2.13%,0,3.47
différence entre stratégie et tactique pdf,0,1,0,47,0%,2.13%,0,7.06
google power bi alternative,0,1,0,47,0%,2.13%,0,8.47
difference between goal and strategy,0,1,0,47,0%,2.13%,0,9.32
marketing objectives and strategies,0,1,0,44,0%,2.27%,0,12.02
facebook app,0,1,0,43,0%,2.33%,0,12.33
google analytics sessions,0,1,0,42,0%,2.38%,0,6.67
good clients,0,1,0,40,0%,2.5%,0,3.5
article brief,0,1,0,40,0%,2.5%,0,5.22
foursquare entreprise,0,1,0,40,0%,2.5%,0,5.38
pr objectives strategies and tactics examples,0,1,0,40,0%,2.5%,0,7.12
google analytics track internal links,0,1,0,40,0%,2.5%,0,9.07
how to buy keywords,0,1,0,40,0%,2.5%,0,9.15
un dashboard,0,1,0,39,0%,2.56%,0,6.62
examples of strategies and tactics,0,1,0,37,0%,2.7%,0,5.92
applications facebook page,0,1,0,37,0%,2.7%,0,9.14
google ad copy,0,1,0,37,0%,2.7%,0,13.38
define mass marketing,0,1,0,37,0%,2.7%,0,13.68
consultant numérique,0,1,0,35,0%,2.86%,0,18.57
tactics and strategies,0,1,0,35,0%,2.86%,0,19.71
dashboard analysis,0,1,0,34,0%,2.94%,0,16.24
distribution en ligne,0,1,0,33,0%,3.03%,0,5.61
traduction outreach,0,1,0,33,0%,3.03%,0,9
type de notoriété,0,1,0,33,0%,3.03%,0,10.85
gestionnaire de projets,0,1,0,33,0%,3.03%,0,13.48
analytics not provided organic,0,1,0,32,0%,3.12%,0,1.06
gérer plusieurs pages facebook,0,1,0,32,0%,3.12%,0,5.12
pied de page site internet,0,1,0,32,0%,3.12%,0,5.84
qu'est-ce qu'une stratégie,0,1,0,32,0%,3.12%,0,7.78
how to write ad copy,0,1,0,32,0%,3.12%,0,19.12
cheatsheet traduction,0,1,0,31,0%,3.23%,0,6.68
agence web canada,0,1,0,30,0%,3.33%,0,53.27
rich snippers,0,1,0,28,0%,3.57%,0,6.18
strategy and tactics definition,0,1,0,28,0%,3.57%,0,6.71
serveur publicitaire,0,1,0,28,0%,3.57%,0,9
analytics organic search not provided,0,1,0,27,0%,3.7%,0,3.41
pied de page design,0,1,0,27,0%,3.7%,0,5.78
taille image mail,0,1,0,27,0%,3.7%,0,6.19
data studio wiki,0,1,0,27,0%,3.7%,0,9.59
veille sur les réseaux sociaux,0,1,0,27,0%,3.7%,0,20.74
faire un benchmark,0,1,0,27,0%,3.7%,0,22.89
gestion des médias sociaux gratuit 2018,0,1,0,26,0%,3.85%,0,8.69
social formats,0,1,0,25,0%,4%,0,6.44
how to get facebook certified,0,1,0,25,0%,4%,0,11.56
define a strategy,0,1,0,25,0%,4%,0,13.44
marketing de masse définition,0,1,0,24,0%,4.17%,0,3.92
tactique strategie,0,1,0,24,0%,4.17%,0,7.46
qu'est ce qu'un axe stratégique,0,1,0,24,0%,4.17%,0,8.17
google data studio desktop,0,1,0,24,0%,4.17%,0,8.29
utm_source utm_medium utm_campaign,0,1,0,23,0%,4.35%,0,9.09
culture projet,0,1,0,23,0%,4.35%,0,9.17
strategic objective definition,0,1,0,23,0%,4.35%,0,13.04
google analytics not provided organic search,0,1,0,22,0%,4.55%,0,4.41
indicateur de performance site internet,0,1,0,22,0%,4.55%,0,7.05
snippets seo,0,1,0,22,0%,4.55%,0,11.73
rich snippets html,0,1,0,22,0%,4.55%,0,26.36
app concours facebook,0,1,0,21,0%,4.76%,0,3.86
bouton share facebook,0,1,0,21,0%,4.76%,0,6.38
programmatic vs gdn,0,1,0,21,0%,4.76%,0,35.48
goals strategies,0,1,0,20,0%,5%,0,3.7
objective and strategy difference,0,1,0,20,0%,5%,0,4.65
analytics initiatives,0,1,0,20,0%,5%,0,7
how do you manage stakeholders,0,1,0,20,0%,5%,0,9.85
stratégie de projet definition,0,1,0,19,0%,5.26%,0,8
business objective definition,0,1,0,19,0%,5.26%,0,21.26
definition of strategy in business,0,1,0,19,0%,5.26%,0,35.11
goals and tactics,0,1,0,18,0%,5.56%,0,3.11
article brief template,0,1,0,18,0%,5.56%,0,5.44
opérationnel tactique stratégique,0,1,0,18,0%,5.56%,0,9.11
rich snippets for seo,0,1,0,18,0%,5.56%,0,10.72
stratège marketing,0,1,0,18,0%,5.56%,0,27.61
objective goal strategy measure,0,1,0,17,0%,5.88%,0,4.47
strategy tactics definition,0,1,0,17,0%,5.88%,0,6.18
mass marketing là gì,0,1,0,17,0%,5.88%,0,16.88
elizabeth henry,0,1,0,17,0%,5.88%,0,57.41
agence stratégie web,0,1,0,16,0%,6.25%,0,6.62
boite abonnement,0,1,0,16,0%,6.25%,0,7.44
exemple page d'accueil site e-commerce,0,1,0,16,0%,6.25%,0,8.5
gouvernement obama,0,1,0,16,0%,6.25%,0,10.5
adobe analytics vs google analytics 360,0,1,0,16,0%,6.25%,0,20.56
application pour concours facebook,0,1,0,15,0%,6.67%,0,6.8
goals strategies objectives tactics examples,0,1,0,14,0%,7.14%,0,2
writing ad copy for adwords,0,1,0,14,0%,7.14%,0,8.64
post click vs last click,0,1,0,14,0%,7.14%,0,9.14
keys to successful project management,0,1,0,14,0%,7.14%,0,12.07
recherche ux,0,1,0,14,0%,7.14%,0,68.57
objectives strategies,0,1,0,13,0%,7.69%,0,2.77
google ads ad copy,0,1,0,13,0%,7.69%,0,9.15
microdata rich snippets,0,1,0,13,0%,7.69%,0,19
google adwords ngo,0,1,0,12,0%,8.33%,0,5.92
one pager in french,0,1,0,12,0%,8.33%,0,9.75
tactics are,0,1,0,12,0%,8.33%,0,12.33
cliquer ici pour télécharger,0,1,0,11,0%,9.09%,0,4.18
auction google,0,1,0,11,0%,9.09%,0,7.64
taux rebond,0,1,0,11,0%,9.09%,0,15.18
goals objective,0,1,0,10,0%,10%,0,1
dimension mail,0,1,0,10,0%,10%,0,2.4
achat programmatique définition,0,1,0,10,0%,10%,0,3.2
goals strategies objectives,0,1,0,10,0%,10%,0,3.8
strategic imperatives vs objectives,0,1,0,10,0%,10%,0,6.2
google for ngo,0,1,0,10,0%,10%,0,7.3
last click non direct,0,1,0,10,0%,10%,0,11.4
applications pour facebook,0,1,0,10,0%,10%,0,17.8
maquette site web photoshop,0,1,0,10,0%,10%,0,30.4
segmentation facebook,0,1,0,9,0%,11.11%,0,3.11
strategie tinder,0,1,0,9,0%,11.11%,0,4.22
objectives vs goals vs strategies,0,1,0,9,0%,11.11%,0,5.22
ga source medium,0,1,0,9,0%,11.11%,0,10.44
agility project management,0,1,0,9,0%,11.11%,0,13.78
le bon client,0,1,0,8,0%,12.5%,0,3.25
goal strategy tactic examples,0,1,0,8,0%,12.5%,0,3.62
how does the culture of an organization influence the quality of estimates?,0,1,0,8,0%,12.5%,0,5.88
plan d'engagement des parties prenantes,0,1,0,8,0%,12.5%,0,13.25
social media content formats,0,1,0,8,0%,12.5%,0,16.25
strategie google ads,0,1,0,8,0%,12.5%,0,26.25
reach snippet,0,1,0,7,0%,14.29%,0,1
"quel est le but du modèle ""see, think, do, care""",0,1,0,7,0%,14.29%,0,6.86
project culture in project management,0,1,0,7,0%,14.29%,0,8.14
notre client,0,1,0,7,0%,14.29%,0,9.71
site panda,0,1,0,7,0%,14.29%,0,11.14
facebook app install ads,0,1,0,7,0%,14.29%,0,27.29
que mettre dans un footer,0,1,0,7,0%,14.29%,0,29.14
score tinder,0,1,0,6,0%,16.67%,0,3.17
optimiser profil tinder,0,1,0,6,0%,16.67%,0,5.67
starbucks ugc,0,1,0,6,0%,16.67%,0,9
adwords ad copy best practices,0,1,0,6,0%,16.67%,0,14.33
différence entre enjeux et objectifs,0,1,0,6,0%,16.67%,0,17.83
exemple d'objectif d'une entreprise,0,1,0,6,0%,16.67%,0,18.83
digital marketing brief template,0,1,0,6,0%,16.67%,0,27.17
filtre automatique excel,0,1,0,6,0%,16.67%,0,39.5
exemple de marketing de masse,0,1,0,5,0%,20%,0,1.6
how to measure reputation management,0,1,0,5,0%,20%,0,9
outils de veille réseaux sociaux,0,1,0,5,0%,20%,0,9.2
différence tactique et stratégie,0,1,0,5,0%,20%,0,11
strategies & tactics,0,1,0,5,0%,20%,0,11
difference between marketing objective and communication objective,0,1,0,5,0%,20%,0,18.4
facebook advertising core competencies exam answers,0,1,0,5,0%,20%,0,18.4
supprimer colonnes infinies excel,0,1,0,5,0%,20%,0,18.8
data studio join key,0,1,0,5,0%,20%,0,19.8
chuck norris fact website,0,1,0,5,0%,20%,0,20.4
google vs microsoft,0,1,0,5,0%,20%,0,21.2
coller sur une plage filtrée,0,1,0,5,0%,20%,0,22.4
mesure de notoriété,0,1,0,4,0%,25%,0,2.25
dashboard analyse,0,1,0,4,0%,25%,0,2.5
mesurer la notoriété,0,1,0,4,0%,25%,0,4.25
writing sem,0,1,0,4,0%,25%,0,4.5
tinder strategies,0,1,0,4,0%,25%,0,5.5
exporter données google analytics,0,1,0,4,0%,25%,0,7
e-commerce office,0,1,0,4,0%,25%,0,7.5
cirque du soleil marketing,0,1,0,4,0%,25%,0,9
snippets google,0,1,0,4,0%,25%,0,9.5
bootstrap ie6,0,1,0,4,0%,25%,0,18
marketing objectives strategies and tactics examples,0,1,0,3,0%,33.33%,0,1
recherche à facettes,0,1,0,3,0%,33.33%,0,2
how does facebook language targeting work,0,1,0,3,0%,33.33%,0,2.33
subscription box inventory management,0,1,0,3,0%,33.33%,0,2.33
new year new faces,0,1,0,3,0%,33.33%,0,4
programamtic,0,1,0,3,0%,33.33%,0,4.67
campagne programmatique,0,1,0,3,0%,33.33%,0,8.33
stratégie d'une entreprise exemple,0,1,0,3,0%,33.33%,0,8.67
data-driven traduction,0,1,0,3,0%,33.33%,0,9.67
"how does the organizational structure and culture affect the success of 
failure of an information system",0,1,0,3,0%,33.33%,0,10
what is faceted search,0,1,0,3,0%,33.33%,0,12
what type of culture promotes a strong project environment?,0,1,0,3,0%,33.33%,0,12
strategy & tactics,0,1,0,3,0%,33.33%,0,18.67
marketing du contenu,0,1,0,3,0%,33.33%,0,25
exemple de stratégie marketing d'une entreprise,0,1,0,3,0%,33.33%,0,55.67
modele photo,0,1,0,3,0%,33.33%,0,58.33
web organisation,0,1,0,2,0%,50%,0,1.5
clone torrent,0,1,0,2,0%,50%,0,3
post click marketing,0,1,0,2,0%,50%,0,3.5
game changers definition,0,1,0,2,0%,50%,0,5.5
see think do care definition,0,1,0,2,0%,50%,0,7
site en maintenance,0,1,0,2,0%,50%,0,7.5
facebook for mobile,0,1,0,2,0%,50%,0,9
box mensuel,0,1,0,2,0%,50%,0,10
créer un jeu concours gratuit,0,1,0,2,0%,50%,0,10
page d'accueil site e-commerce,0,1,0,2,0%,50%,0,10
logiciel concours facebook,0,1,0,2,0%,50%,0,10.5
e commerce division,0,1,0,2,0%,50%,0,12.5
campaign tag,0,1,0,2,0%,50%,0,14
traduire disruptive,0,1,0,2,0%,50%,0,14
ecrire une annonce,0,1,0,2,0%,50%,0,14.5
deuxhuithuit,0,1,0,2,0%,50%,0,15.5
critique de la planification stratégique,0,1,0,2,0%,50%,0,23
marketonist,0,1,0,2,0%,50%,0,24
photoshop for web designers,0,1,0,2,0%,50%,0,26
excel supprimer lignes vides automatiquement,0,1,0,2,0%,50%,0,38.5
adeviso,0,1,0,1,0%,100%,0,1
adiviso,0,1,0,1,0%,100%,0,1
gooogle canada,0,1,0,1,0%,100%,0,1
resident adviso,0,1,0,1,0%,100%,0,1
safari inapp,0,1,0,1,0%,100%,0,1
achat de mots-clés,0,1,0,1,0%,100%,0,3
adword competition,0,1,0,1,0%,100%,0,3
différence entre politique et stratégie,0,1,0,1,0%,100%,0,3
guide to style,0,1,0,1,0%,100%,0,3
conversion conversation,0,1,0,1,0%,100%,0,5
style guide definition,0,1,0,1,0%,100%,0,5
amazon strategie,0,1,0,1,0%,100%,0,6
https://torrent411.link/.,0,1,0,1,0%,100%,0,6
how many people use voice search,0,1,0,1,0%,100%,0,7
presumptive design,0,1,0,1,0%,100%,0,7
eng logo,0,1,0,1,0%,100%,0,8
réglementation concours facebook,0,1,0,1,0%,100%,0,8
pages/session,0,1,0,1,0%,100%,0,9
jean rene halde,0,1,0,1,0%,100%,0,11
plan éditorial,0,1,0,1,0%,100%,0,11
facebook likes images,0,1,0,1,0%,100%,0,14
marque technique,0,1,0,1,0%,100%,0,15
chiffres amazon 2018,0,1,0,1,0%,100%,0,16
strategy vs initiative,0,1,0,1,0%,100%,0,17
objectif a atteindre dans une entreprise,0,1,0,1,0%,100%,0,19
inbound marketing,0,1,0,1,0%,100%,0,28
difference between objective and target,0,1,0,1,0%,100%,0,33
hierarchy of objectives in strategic management,0,1,0,1,0%,100%,0,48
excel tcd trier valeurs,0,1,0,1,0%,100%,0,60
can culture be created,0,1,0,1,0%,100%,0,82
objectif smart exemple pdf,0,1,0,1,0%,100%,0,85
comment élaborer une vision stratégique pdf,0,1,0,1,0%,100%,0,102
search ranking,0,0,0,1236,0%,0%,0,63.33
google search keywords,0,0,0,1089,0%,0%,0,41.49
uniprix,0,0,0,939,0%,0%,0,9.57
bigquery,0,0,0,930,0%,0%,0,11.04
pxhere,0,0,0,920,0%,0%,0,6.4
longueur optimale de la description méta 160 caractères.,0,0,0,877,0%,0%,0,24.03
web traffic analysis,0,0,0,838,0%,0%,0,44.95
tactics vs strategy,0,0,0,826,0%,0%,0,2.61
digital strategy consulting,0,0,0,763,0%,0%,0,93.38
which department,0,0,0,667,0%,0%,0,7.05
internal link analysis,0,0,0,660,0%,0%,0,62.32
google site traffic,0,0,0,657,0%,0%,0,43.42
"résultats les plus pertinents, nous",0,0,0,636,0%,0%,0,79.93
how to fix not set in google analytics,0,0,0,632,0%,0%,0,74.44
seo ranking,0,0,0,625,0%,0%,0,66.22
website traffic analytics,0,0,0,624,0%,0%,0,49.71
sem advertising,0,0,0,590,0%,0%,0,24.89
création site web,0,0,0,589,0%,0%,0,59.87
utilisez des mots clés plus,0,0,0,589,0%,0%,0,183.11
how to search keywords on google,0,0,0,556,0%,0%,0,66.52
google analytics not provided,0,0,0,549,0%,0%,0,64.71
purchase google keywords,0,0,0,546,0%,0%,0,6.71
adwords keyword traffic estimator,0,0,0,539,0%,0%,0,75.59
creation site web,0,0,0,532,0%,0%,0,58.69
keywords for google,0,0,0,528,0%,0%,0,19.9
definition of goals and objectives,0,0,0,512,0%,0%,0,2.89
search keywords in google,0,0,0,509,0%,0%,0,55.83
google trends,0,0,0,501,0%,0%,0,71.46
keywords in google search,0,0,0,498,0%,0%,0,52.28
التسويق الإلكتروني دليل adwords,0,0,0,497,0%,0%,0,68
digital transformation consultant,0,0,0,480,0%,0%,0,30.77
seo content template,0,0,0,477,0%,0%,0,80.15
google analytics consultant,0,0,0,463,0%,0%,0,93.49
goal and objective,0,0,0,442,0%,0%,0,3.24
buying google keywords,0,0,0,442,0%,0%,0,6.13
google usa serp,0,0,0,438,0%,0%,0,60.48
google analytics 360 vs google analytics,0,0,0,432,0%,0%,0,49.88
skag bidding,0,0,0,428,0%,0%,0,55.79
content creation template,0,0,0,424,0%,0%,0,69.93
google analytics 360,0,0,0,406,0%,0%,0,84.62
programmatic buying,0,0,0,394,0%,0%,0,75.23
digital strategy consultants,0,0,0,384,0%,0%,0,67.88
google search ranking,0,0,0,376,0%,0%,0,55.18
adobe summit,0,0,0,367,0%,0%,0,54.74
select the one way not to track app conversions.,0,0,0,360,0%,0%,0,8
ranking google search,0,0,0,359,0%,0%,0,51.97
google analytics 360 suite,0,0,0,346,0%,0%,0,56.79
google advanced,0,0,0,343,0%,0%,0,78.06
ranking google,0,0,0,337,0%,0%,0,58.58
gif jim carrey,0,0,0,336,0%,0%,0,7.18
google big query,0,0,0,327,0%,0%,0,9.12
optimize internal link,0,0,0,319,0%,0%,0,80.44
website traffic data,0,0,0,313,0%,0%,0,89.58
chuck norris jokes,0,0,0,312,0%,0%,0,71.12
difference between google com and google ca,0,0,0,308,0%,0%,0,8.19
agence de référencement web,0,0,0,307,0%,0%,0,32.36
buying keywords,0,0,0,303,0%,0%,0,17.81
sem guide,0,0,0,301,0%,0%,0,22.1
google key words,0,0,0,300,0%,0%,0,45.95
exact target,0,0,0,298,0%,0%,0,63.29
utm link builder,0,0,0,291,0%,0%,0,63.59
canada vacations,0,0,0,284,0%,0%,0,70.57
not provided google,0,0,0,282,0%,0%,0,61.44
correspond aux termes,0,0,0,278,0%,0%,0,180.08
google crm,0,0,0,271,0%,0%,0,54.27
featured snippets moz,0,0,0,259,0%,0%,0,82.44
outil de marketing automatisé,0,0,0,253,0%,0%,0,65.24
bus bud,0,0,0,252,0%,0%,0,7.38
ubisoft client,0,0,0,252,0%,0%,0,11.69
ispionage,0,0,0,252,0%,0%,0,71.58
création de contenu,0,0,0,248,0%,0%,0,64.18
what is organizational culture,0,0,0,245,0%,0%,0,56.58
seo bureau,0,0,0,244,0%,0%,0,155.36
analyse annonce sem,0,0,0,242,0%,0%,0,7.75
px here,0,0,0,241,0%,0%,0,4.52
google data studio,0,0,0,238,0%,0%,0,92.77
google panda,0,0,0,235,0%,0%,0,54.03
business transformation consultant,0,0,0,233,0%,0%,0,56.57
landing page definition,0,0,0,231,0%,0%,0,87.16
last click,0,0,0,230,0%,0%,0,9.15
analytics premium,0,0,0,228,0%,0%,0,76.12
ranking on google search,0,0,0,227,0%,0%,0,71.13
writing copy,0,0,0,227,0%,0%,0,84.82
how to use structured data markup helper,0,0,0,226,0%,0%,0,83.32
google buy keywords,0,0,0,224,0%,0%,0,7.16
google analytics reporting tool,0,0,0,224,0%,0%,0,56.25
adwords contact,0,0,0,224,0%,0%,0,70.61
google analytics 360 price,0,0,0,223,0%,0%,0,24.93
define objective,0,0,0,222,0%,0%,0,18.1
consultant transformation digitale,0,0,0,221,0%,0%,0,84.81
gogle keywords,0,0,0,215,0%,0%,0,48.98
jim carrey gif,0,0,0,212,0%,0%,0,11.87
google data studio 360,0,0,0,207,0%,0%,0,37.96
stakeholders management,0,0,0,205,0%,0%,0,17.24
web marketing montreal,0,0,0,201,0%,0%,0,66.54
notoriete,0,0,0,200,0%,0%,0,55.41
ranking on google,0,0,0,199,0%,0%,0,85.05
google adwords mobile,0,0,0,197,0%,0%,0,24.66
adwords certified,0,0,0,197,0%,0%,0,79.56
analytics 360,0,0,0,195,0%,0%,0,85.24
acquisition due diligence,0,0,0,194,0%,0%,0,61.8
strategic objectives examples,0,0,0,193,0%,0%,0,11.49
equipe,0,0,0,192,0%,0%,0,77.09
google analytics 360 cost,0,0,0,190,0%,0%,0,37.41
adobe summit sessions,0,0,0,189,0%,0%,0,29.95
web marketing,0,0,0,189,0%,0%,0,57.34
benefits of using google analytics 360,0,0,0,189,0%,0%,0,85.42
le devoir,0,0,0,188,0%,0%,0,26.57
knowledge graph google,0,0,0,187,0%,0%,0,30.52
recherche utilisateurs,0,0,0,185,0%,0%,0,3.77
refonte de site,0,0,0,185,0%,0%,0,62.76
google indexation,0,0,0,182,0%,0%,0,86.31
google analytics reporting tools,0,0,0,181,0%,0%,0,64.47
adwords guide,0,0,0,180,0%,0%,0,91.66
web seo,0,0,0,179,0%,0%,0,49.49
devoir,0,0,0,178,0%,0%,0,51.28
création de site web,0,0,0,178,0%,0%,0,85.98
brand data,0,0,0,177,0%,0%,0,42.12
cutting edge organic search engine optimization technology,0,0,0,177,0%,0%,0,61.27
adwords support,0,0,0,177,0%,0%,0,76.36
lasik marketing,0,0,0,176,0%,0%,0,53.27
unsplash,0,0,0,175,0%,0%,0,45.5
google analytics premium features,0,0,0,175,0%,0%,0,75.34
google adwords certified company,0,0,0,174,0%,0%,0,49.22
consumer insights tools,0,0,0,173,0%,0%,0,28.58
sem tools,0,0,0,172,0%,0%,0,85.28
adwords ad copies,0,0,0,168,0%,0%,0,9.93
gestion médias sociaux,0,0,0,168,0%,0%,0,37.43
"app downloads are conversions that are tracked when a user downloads or 
installs a mobile application for the first time.",0,0,0,167,0%,0%,0,6.78
business strategy definition,0,0,0,164,0%,0%,0,47.6
what is my ranking on google,0,0,0,164,0%,0%,0,89.88
traffic analytics,0,0,0,164,0%,0%,0,90.46
spécialiste expérience utilisateur,0,0,0,163,0%,0%,0,17.17
local brand analytics,0,0,0,163,0%,0%,0,31.33
tinder blog,0,0,0,162,0%,0%,0,12.67
panda google,0,0,0,161,0%,0%,0,44.78
tinder,0,0,0,160,0%,0%,0,20.45
huit,0,0,0,160,0%,0%,0,71.81
web analytique,0,0,0,158,0%,0%,0,21.03
google audience center 360,0,0,0,157,0%,0%,0,20.67
google 360 suite,0,0,0,157,0%,0%,0,49.09
dmp companies,0,0,0,156,0%,0%,0,21.76
unifying,0,0,0,156,0%,0%,0,52.98
cms e commerce,0,0,0,156,0%,0%,0,85.31
google suite 360,0,0,0,155,0%,0%,0,39.11
utm google,0,0,0,155,0%,0%,0,90.61
website traffic optimization,0,0,0,155,0%,0%,0,94.17
google keyword,0,0,0,154,0%,0%,0,26.81
omni channel solutions,0,0,0,154,0%,0%,0,92.95
agence expert referencement,0,0,0,153,0%,0%,0,78.34
e notoriété,0,0,0,152,0%,0%,0,38.11
google analytics premium pricing,0,0,0,152,0%,0%,0,62.15
solution omnicanal,0,0,0,151,0%,0%,0,55.03
google keyword search ranking,0,0,0,151,0%,0%,0,83.6
ville.montreal.qc.ca.payerconstat,0,0,0,150,0%,0%,0,8.39
(not provided),0,0,0,150,0%,0%,0,50.35
google adwords keyword tool,0,0,0,149,0%,0%,0,28.05
marketing brief,0,0,0,149,0%,0%,0,32.84
pagerank sculpting,0,0,0,149,0%,0%,0,73.58
sem tool,0,0,0,149,0%,0%,0,90.4
stratégie internet,0,0,0,148,0%,0%,0,22.44
not provided organic search,0,0,0,148,0%,0%,0,96.2
plateforme marketing automation,0,0,0,147,0%,0%,0,26.42
referencement google montreal,0,0,0,146,0%,0%,0,3.63
mobile app campaign,0,0,0,145,0%,0%,0,20.79
crm for google,0,0,0,145,0%,0%,0,82.25
agence marketing web montreal,0,0,0,145,0%,0%,0,85.47
google bigquery,0,0,0,143,0%,0%,0,12.87
branded content strategy,0,0,0,143,0%,0%,0,40.38
google analytics enterprise,0,0,0,143,0%,0%,0,85.1
network marketing commerce platforms,0,0,0,143,0%,0%,0,99.83
managing organizational culture,0,0,0,142,0%,0%,0,53.22
subscription box business model,0,0,0,142,0%,0%,0,64.7
google analytics authorized consultant,0,0,0,141,0%,0%,0,8.6
how to increase subscription sales,0,0,0,141,0%,0%,0,47.1
analytics 360 suite,0,0,0,141,0%,0%,0,56.01
google rich snippets examples,0,0,0,139,0%,0%,0,37
nespresso logo,0,0,0,139,0%,0%,0,38.73
how much is google analytics 360,0,0,0,139,0%,0%,0,47.95
open source analysis,0,0,0,139,0%,0%,0,70.86
adwords certified company,0,0,0,138,0%,0%,0,40.07
defining strategy,0,0,0,137,0%,0%,0,7.63
content strategy tools,0,0,0,137,0%,0%,0,20.92
parcours utilisateur,0,0,0,137,0%,0%,0,27.45
online retail merchandising,0,0,0,137,0%,0%,0,37.48
google tag manager 360,0,0,0,137,0%,0%,0,38.08
seo sem,0,0,0,137,0%,0%,0,57.66
extraits enrichis,0,0,0,136,0%,0%,0,6.57
aumatisation marketing,0,0,0,136,0%,0%,0,19.99
google analytics 360 suite price,0,0,0,136,0%,0%,0,23.68
qu'est ce que le maching learning,0,0,0,136,0%,0%,0,60.86
adwords spy,0,0,0,135,0%,0%,0,103.24
strategy vs tactic,0,0,0,134,0%,0%,0,6.37