Query;Last 28 days Clicks;Previous 28 days Clicks;Last 28 days Impressions;Previous 28 days Impressions;Last 28 days CTR;Previous 28 days CTR;Last 28 days Position;Previous 28 days Position;
adviso;769;401;2390;1466;32.18%;27.35%;2.42;2.36;
torrent411;54;123;6421;10209;0.84%;1.2%;7.48;6.4;
adviso montreal;50;29;104;65;48.08%;44.62%;1.85;2.17;
advisio;37;12;57;29;64.91%;41.38%;5.79;11.14;
objective strategy tactics;36;27;195;150;18.46%;18%;1.13;1.07;
cookie apocalypse;30;0;329;0;9.12%;0%;7.63;0;
torrent 411;29;39;1514;1716;1.92%;2.27%;10.36;9.19;
objectif tactique;29;11;65;32;44.62%;34.38%;1.78;1.94;
strategy vs objective;28;18;314;228;8.92%;7.89%;1.67;2.38;
is mass marketing dead;26;2;150;84;17.33%;2.38%;1;1;
facebook ads language targeting;26;17;119;90;21.85%;18.89%;3.1;3.84;
content brief;25;10;510;338;4.9%;2.96%;5.46;3.91;
kpi notoriété;24;14;73;54;32.88%;25.93%;1.78;1.94;
insight traduction;22;17;3951;3208;0.56%;0.53%;10;9.55;
rich snippets;22;12;3263;2898;0.67%;0.41%;24.35;28.52;
objectives strategies tactics;21;7;107;49;19.63%;14.29%;1.08;1.14;
objective vs strategy;20;14;166;121;12.05%;11.57%;1.74;2.33;
goals objectives strategies tactics;19;12;195;137;9.74%;8.76%;1.1;1.12;
goal strategy objective tactic examples;19;8;159;100;11.95%;8%;1.65;1.63;
sem ad copy;19;5;56;24;33.93%;20.83%;1.05;1.21;
rich snippet;18;20;1274;827;1.41%;2.42%;19.64;19.7;
programmatique;18;5;470;416;3.83%;1.2%;11.87;11.13;
facebook language targeting;17;13;60;41;28.33%;31.71%;2.2;2.46;
appelez nous;16;7;669;501;2.39%;1.4%;3.09;3.06;
achat programmatique;16;13;186;171;8.6%;7.6%;2.3;3.03;
goal objective strategy tactic;16;7;132;114;12.12%;6.14%;3.05;3.74;
format infographie;16;14;80;61;20%;22.95%;1.11;1.02;
objectives vs strategies;15;7;94;67;15.96%;10.45%;3.34;4.09;
content brief template;14;5;239;182;5.86%;2.75%;5.58;4.88;
actionable insights;13;7;2405;1867;0.54%;0.37%;10.25;11.15;
algorithme tinder;13;8;925;829;1.41%;0.97%;1.36;1.57;
one pager;13;14;458;249;2.84%;5.62%;6.71;6;
gestion des médias sociaux gratuit 2019;13;5;175;113;7.43%;4.42%;5.15;5.45;
ergonomic website;12;1;89;42;13.48%;2.38%;2.22;2.55;
amazon chiffres;11;12;61;39;18.03%;30.77%;2.49;2.87;
what is a content brief;11;3;43;12;25.58%;25%;1.47;2.58;
créer plusieurs pages facebook;11;7;36;21;30.56%;33.33%;2.58;1.48;
objectif stratégique tactique opérationnel;11;5;34;14;32.35%;35.71%;1.82;1.71;
traduction insight;10;3;432;319;2.31%;0.94%;8.23;7.92;
ecommerce department;10;4;72;66;13.89%;6.06%;2.82;2.95;
how to measure reputation;10;4;61;70;16.39%;5.71%;4.84;4.51;
quebectorrent;10;16;33;46;30.3%;34.78%;1.97;1.91;
objectives strategies tactics examples;10;6;26;17;38.46%;35.29%;1;1.12;
goals strategies tactics;9;3;139;105;6.47%;2.86%;3.15;3.49;
objectives and strategies;9;2;109;49;8.26%;4.08%;3.35;4.29;
goal strategy objective tactic;9;8;62;50;14.52%;16%;3.06;3.74;
safari in app;9;8;46;16;19.57%;50%;29.09;6.12;
adviso conseil;9;3;45;34;20%;8.82%;2.47;1.88;
language targeting facebook;9;8;42;30;21.43%;26.67%;2.24;2.47;
strategy versus objective;9;1;39;21;23.08%;4.76%;3.28;4.05;
pourquoi faire un benchmark;9;4;34;19;26.47%;21.05%;2.65;3;
how does culture affect project management;9;3;28;7;32.14%;42.86%;1;1;
utm internal links;9;5;22;13;40.91%;38.46%;1.64;1.54;
utm_campaign;8;4;2850;2746;0.28%;0.15%;10.77;9.24;
sem ads;8;2;645;515;1.24%;0.39%;7.32;8.58;
marketing de masse;8;4;518;587;1.54%;0.68%;6.08;6.06;
snippet seo;8;6;130;70;6.15%;8.57%;26.9;30.7;
game changer définition;8;2;57;37;14.04%;5.41%;4.89;5.24;
bouton de partage;8;6;49;38;16.33%;15.79%;1.08;1;
sem copy;8;4;41;20;19.51%;20%;1.1;1.05;
chiffres amazon;8;9;35;27;22.86%;33.33%;2.6;3.07;
insights traduction;7;2;1292;955;0.54%;0.21%;10.06;10.35;
profitabilité et rentabilité;7;3;222;140;3.15%;2.14%;7.47;7.44;
goals objectives strategies;7;4;192;166;3.65%;2.41%;1.07;1.07;
guide de style;7;3;139;109;5.04%;2.75%;4.61;3.98;
application concours facebook;7;1;123;116;5.69%;0.86%;6.45;5.03;
difference between strategy and objective;7;5;113;76;6.19%;6.58%;3.51;4.03;
safari (in-app);7;5;54;39;12.96%;12.82%;46.19;45.49;
one pager definition;7;4;51;22;13.73%;18.18%;4.16;4.73;
describe how organizational culture is related to project management. what ;;;;;;;;;
organizational culture and project management;7;3;30;14;23.33%;21.43%;5.53;4.64;
strategy vs. objective;7;2;24;22;29.17%;9.09%;1.71;3.73;
adviso conseil inc;7;4;24;22;29.17%;18.18%;1.83;2.27;
amazon en chiffres;7;6;22;26;31.82%;23.08%;2.77;3.19;
stratégie de contenu;6;5;1149;1069;0.52%;0.47%;24.58;34.34;
taux de rebond google analytics;6;3;562;411;1.07%;0.73%;7.03;7.74;
managing stakeholders;6;6;440;290;1.36%;2.07%;8.29;9.82;
bonheur au travail;6;2;309;284;1.94%;0.7%;45.3;46.21;
appelez-nous;6;3;192;131;3.12%;2.29%;2.88;2.85;
difference between objective and strategy;6;7;158;95;3.8%;7.37%;4.39;5.07;
turning data into actionable insights;6;2;156;149;3.85%;1.34%;5.03;6.36;
gestion des parties prenantes;6;6;82;56;7.32%;10.71%;2.85;2.8;
stratégie tactique opérationnel;6;2;62;31;9.68%;6.45%;1.74;1.58;
goals strategy objectives tactics;6;3;50;38;12%;7.89%;1.08;1.13;
website ergonomics;6;5;38;27;15.79%;18.52%;2.34;2.63;
goals objectives strategy tactics;6;3;36;15;16.67%;20%;1;1.2;
mass marketing is dead;6;0;35;0;17.14%;0%;1.37;0;
reputation kpi;6;4;30;39;20%;10.26%;1.17;1.36;
objectifs tactiques;6;1;26;15;23.08%;6.67%;1.96;2;
facebook ad language targeting;6;2;18;15;33.33%;13.33%;3.39;4.27;
facebook mobile;5;5;784;580;0.64%;0.86%;10.91;9.96;
martech;5;3;736;373;0.68%;0.8%;30.6;14.08;
strategies and tactics examples;5;1;266;194;1.88%;0.52%;2.08;1.86;
recherche utilisateur;5;0;144;0;3.47%;0%;6.01;0;
voice search 2020;5;6;129;125;3.88%;4.8%;9.09;9.21;
brief content;5;1;88;64;5.68%;1.56%;3.91;3.44;
difference between objectives and strategies;5;8;85;58;5.88%;13.79%;4.4;5.19;
ergonomics website;5;2;65;25;7.69%;8%;2.02;2.28;
e commerce department;5;1;63;65;7.94%;1.54%;3.32;4.85;
ux sex;5;3;53;79;9.43%;3.8%;1.42;2.49;
content brief example;5;1;53;70;9.43%;1.43%;5.74;5.21;
objective strategy;5;4;45;35;11.11%;11.43%;1.13;1;
amazon en chiffre;5;1;42;31;11.9%;3.23%;7.29;7.65;
strategy objectives tactics;5;3;41;52;12.2%;5.77%;1;1.13;
temps de réponse serveur;5;3;37;34;13.51%;8.82%;1.27;1.09;
objective vs strategy vs tactic;5;0;13;0;38.46%;0%;3.08;0;
 - la technologie nuit-elle à la vie privée?;5;1;13;8;38.46%;12.5%;7.85;8;
enjeux du merchandising;5;1;12;8;41.67%;12.5%;2.75;3;
marketing de contenu;4;1;1333;1192;0.3%;0.08%;27.63;30.49;
ville.montreal.qc.ca/payerconstat;4;2;812;401;0.49%;0.5%;9.81;10.17;
bounce rate;4;0;352;279;1.14%;0%;7.51;6.65;
power editor;4;5;343;260;1.17%;1.92%;7.21;7.97;
inscription youtube;4;1;330;307;1.21%;0.33%;9.15;8.71;
google data studio vs power bi;4;1;207;60;1.93%;1.67%;9.93;10.12;
culture organisationnelle;4;2;140;190;2.86%;1.05%;13.39;12.87;
objectif stratégique;4;2;126;51;3.17%;3.92%;8.6;8;
gestion des médias sociaux gratuit;4;3;111;77;3.6%;3.9%;7.52;6.62;
how to measure brand reputation;4;6;83;78;4.82%;7.69%;4.71;5.68;
strategy vs goal;4;4;81;63;4.94%;6.35%;3.68;3.79;
goal objective strategy;4;4;79;54;5.06%;7.41%;1.09;1.17;
strategy vs objectives;4;5;79;53;5.06%;9.43%;1.75;1.74;
différence entre profitabilité et rentabilité;4;2;72;46;5.56%;4.35%;6.47;6.09;
r google analytics;4;3;71;46;5.63%;6.52%;9.18;10.11;
goals objectives strategies tactics template;4;5;68;66;5.88%;7.58%;1.06;1;
actionable insights examples;4;2;66;37;6.06%;5.41%;3.62;4.49;
bi google;4;4;61;19;6.56%;21.05%;14.08;21.79;
engagement des parties prenantes;4;1;59;39;6.78%;2.56%;10.8;15.85;
analyse marketing netflix;4;0;55;0;7.27%;0%;8.58;0;
les enjeux du merchandising;4;4;51;42;7.84%;9.52%;2.73;2.9;
jean-françois renaud;4;5;47;36;8.51%;13.89%;1.28;1.75;
difference between strategy and objectives;4;4;45;41;8.89%;9.76%;3.42;4.59;
one pager traduction;4;0;37;0;10.81%;0%;6.16;0;
google analytics data science;4;2;36;21;11.11%;9.52%;5.08;6.1;
content marketing brief template;4;1;35;20;11.43%;5%;5.77;6.2;
format invitation email;4;1;33;21;12.12%;4.76%;3.42;3.14;
chiffres amazon 2019;4;1;30;13;13.33%;7.69%;4.7;6.31;
objectives strategy tactics;4;9;29;26;13.79%;34.62%;1.03;1.19;
optimiser tinder;4;0;29;0;13.79%;0%;4.07;0;
difference between objectives strategies and tactics;4;0;27;0;14.81%;0%;3.11;0;
comment mesurer la notoriété d'une entreprise;4;0;27;0;14.81%;0%;4.52;0;
recherche par facette;4;3;24;20;16.67%;15%;1.96;2.1;
stratégie d'action;4;2;24;23;16.67%;8.7%;4.71;5.74;
organizational culture project management;4;0;23;0;17.39%;0%;5;0;
nombre de clients amazon;4;1;22;19;18.18%;5.26%;5.27;6.32;
examples of actionable insights;4;1;21;17;19.05%;5.88%;4.24;4.82;
chiffre d'affaire box mensuelles;4;2;18;15;22.22%;13.33%;8.72;9.8;
amazon chiffres clés 2019;4;5;16;19;25%;26.32%;4.5;5.89;
mots clés voyage;4;1;16;12;25%;8.33%;4.5;6.17;
difference between objective strategy and tactics;4;0;15;0;26.67%;0%;3.2;0;
marie nicollet;4;0;14;0;28.57%;0%;2.71;0;
que mettre en pied de page;4;2;14;9;28.57%;22.22%;3.07;3.44;
marketing objectives strategies and tactics;4;3;13;13;30.77%;23.08%;1.54;1.85;
is mass marketing dead?;4;0;7;0;57.14%;0%;1;0;
le marketing de masse est-il amené à disparaître;4;3;7;9;57.14%;33.33%;1;1;
customer data platform;3;1;2849;881;0.11%;0.11%;65.71;63.05;
référencement web;3;2;2119;2106;0.14%;0.09%;29.69;27.46;
seo;3;8;2001;2611;0.15%;0.31%;19.77;30.79;
blogue;3;5;673;655;0.45%;0.76%;11.4;10.55;
seo montréal;3;0;426;428;0.7%;0%;7.17;6.56;
recherche vocale;3;1;426;387;0.7%;0.26%;25.4;25.42;
ergonomie web;3;1;294;282;1.02%;0.35%;29.23;21.15;
game changer traduction;3;4;169;156;1.78%;2.56%;8.75;9.19;
data analysis dashboard;3;0;138;158;2.17%;0%;6.48;7.32;
traduction insights;3;2;126;99;2.38%;2.02%;9.06;9.01;
rentabilité et profitabilité;3;3;103;103;2.91%;2.91%;13.44;14.84;
cookie-pocalypse;3;0;86;0;3.49%;0%;8.49;0;
buying keywords on google;3;2;84;78;3.57%;2.56%;5.49;5.6;
achat de mots clés;3;3;80;80;3.75%;3.75%;4.66;4.56;
objective strategy tactic;3;3;78;75;3.85%;4%;2.53;3.39;
atelier collaboratif;3;2;72;82;4.17%;2.44%;13.67;13.41;
turn data into insights;3;0;69;0;4.35%;0%;6.33;0;
objectif stratégique et opérationnel exemple;3;1;69;46;4.35%;2.17%;7.96;11.3;
objective strategy tactics template;3;6;56;37;5.36%;16.22%;1;1;
content strategy brief;3;2;53;41;5.66%;4.88%;3.28;3.9;
campagne média;3;2;53;22;5.66%;9.09%;5.94;7.27;
goal strategy tactic;3;4;48;37;6.25%;10.81%;3.04;3.7;
game changer en francais;3;1;44;20;6.82%;5%;8.61;9.2;
plan tactique;3;2;42;36;7.14%;5.56%;3.5;4.22;
measuring reputation;3;1;42;15;7.14%;6.67%;6.12;5.53;
goal vs objective vs strategy;3;8;41;53;7.32%;15.09%;5.39;5.09;
e-commerce department;3;5;40;49;7.5%;10.2%;3.27;3.67;
différence stratégie tactique opérationnel;3;0;40;0;7.5%;0%;5.42;0;
strategy objective;3;2;39;27;7.69%;7.41%;1.26;1.11;
simon lamarche;3;7;38;27;7.89%;25.93%;1.13;1.15;
goal and strategy;3;1;37;42;8.11%;2.38%;4.03;4.26;
organizational culture in project management;3;1;37;16;8.11%;6.25%;4.89;5.88;
bounce rate google analytics;3;0;34;0;8.82%;0%;3.88;0;
content creation brief;3;2;34;39;8.82%;5.13%;12.79;6.54;
sex ux;3;6;31;47;9.68%;12.77%;1.97;2.32;
facebook target audience language;3;3;31;32;9.68%;9.38%;5.06;5.12;
about our team;3;5;30;27;10%;18.52%;18.47;12.33;
amazon chiffres clés;3;1;29;11;10.34%;9.09%;5.34;6.73;
objectives vs strategy;3;1;28;13;10.71%;7.69%;1.39;1.54;
is lead generation a good job;3;0;28;0;10.71%;0%;6.82;0;
web ergonomics;3;2;27;18;11.11%;11.11%;1.89;1.67;
facebook ads language;3;1;26;22;11.54%;4.55%;6.04;6.32;
goals tactics strategies;3;3;25;20;12%;15%;1.08;1.2;
goals vs objectives vs tactics;3;1;23;6;13.04%;16.67%;3.96;3.67;
nombre de client amazon;3;0;22;0;13.64%;0%;5.41;0;
gestion des parties prenantes d'un projet;3;2;19;16;15.79%;12.5%;3.68;5.19;
indicateur internet;3;1;18;9;16.67%;11.11%;3.06;4.67;
objective versus strategy;3;2;18;17;16.67%;11.76%;4.28;5.06;
digital marketing and sustainability;3;0;16;0;18.75%;0%;6.25;0;
google analytics for data science;3;0;16;0;18.75%;0%;8.12;0;
goal strategy tactic template;3;2;15;23;20%;8.7%;1.2;1.35;
reputation kpis;3;3;15;29;20%;10.34%;1.8;2.45;
différence entre stratégie et objectif;3;3;15;10;20%;30%;2.2;2.1;
apocalypse 2022;3;0;14;0;21.43%;0%;5.93;0;
concept box abonnement;3;2;11;6;27.27%;33.33%;3.45;2.67;
objective vs. strategy in marketing;3;2;10;9;30%;22.22%;4.3;4.78;
strategy objective tactics;3;1;9;15;33.33%;6.67%;2.89;3.87;
what makes a good subscription box;3;0;8;0;37.5%;0%;5.75;0;
netflix monetization;3;0;4;0;75%;0%;1.5;0;
auto123;2;3;5213;4595;0.04%;0.07%;5.8;7;
cdp;2;0;1410;360;0.14%;0%;21.14;31.63;
référencement;2;1;1042;1030;0.19%;0.1%;15.84;19.17;
yahoo answers;2;0;791;669;0.25%;0%;15.88;15.22;
agence seo montreal;2;0;710;666;0.28%;0%;5.69;4.91;
ville.montreal.qc/payerconstat;2;0;420;179;0.48%;0%;9.42;9.72;
sem ad;2;0;389;340;0.51%;0%;2.72;3.47;
strategy objectives;2;0;334;223;0.6%;0%;1.25;1.26;
marketing analytique;2;6;211;224;0.95%;2.68%;6.78;7.75;
data insights examples;2;1;208;101;0.96%;0.99%;6.1;6.58;
parties prenantes;2;0;206;154;0.97%;0%;31.28;37.01;
referencement seo;2;2;176;103;1.14%;1.94%;35.88;32.04;
data to insights;2;1;168;181;1.19%;0.55%;9.93;10.37;
goals and strategies;2;2;165;127;1.21%;1.57%;6.82;7.25;
outreach traduction;2;0;155;263;1.29%;0%;11.03;10.64;
salon connexion;2;0;124;0;1.61%;0%;6.96;0;
google analytics r;2;0;122;0;1.64%;0%;9.67;0;
ecommerce due diligence;2;1;121;142;1.65%;0.7%;3.33;3.81;
le bonheur au travail;2;2;117;118;1.71%;1.69%;30.9;38.75;
jean francois renaud;2;7;100;93;2%;7.53%;1.11;1.83;
reputation measurement;2;1;100;158;2%;0.63%;7.25;8.24;
google bi;2;0;93;0;2.15%;0%;28.13;0;
rich snippet seo;2;2;82;53;2.44%;3.77%;10.9;11;
différence entre rentabilité et profitabilité;2;2;79;75;2.53%;2.67%;5.44;6.07;
métaphore chaussure;2;0;77;0;2.6%;0%;7.62;0;
buy google keywords;2;1;72;56;2.78%;1.79%;7.31;8.11;
google analytics taux de rebond;2;0;68;0;2.94%;0%;6.82;0;
boutons de partage;2;0;62;0;3.23%;0%;1.53;0;
website content brief template;2;0;62;0;3.23%;0%;6.87;0;
stratégique tactique opérationnel;2;1;59;39;3.39%;2.56%;3.2;2.9;
objectif stratégique définition;2;0;56;0;3.57%;0%;10.59;0;
la culture organisationnelle;2;1;56;111;3.57%;0.9%;12.54;13.21;
dmp google;2;0;56;0;3.57%;0%;12.61;0;
notre équipe;2;0;54;0;3.7%;0%;41.33;0;
game changer francais;2;2;49;36;4.08%;5.56%;8.24;7.86;
communication tactique;2;1;49;47;4.08%;2.13%;12.08;9.64;
insight framework;2;0;48;0;4.17%;0%;6.52;0;
goals strategies objectives tactics;2;5;46;34;4.35%;14.71%;1.13;1.29;
expérience utilisateur ux;2;0;46;0;4.35%;0%;19.52;0;
game changer en français;2;1;45;30;4.44%;3.33%;8.67;8.63;
générateur d'idées;2;1;45;33;4.44%;3.03%;56.73;46.64;
objective vs goal vs strategy;2;1;41;26;4.88%;3.85%;5.07;5.15;
strategy goals objectives;2;1;38;40;5.26%;2.5%;1.18;1.07;
data into insights;2;0;38;0;5.26%;0%;5.61;0;
adviso consulting;2;0;38;0;5.26%;0%;9.92;0;
veille médias sociaux gratuit;2;2;37;26;5.41%;7.69%;3.35;6.58;
mesurer la notoriété d'une entreprise;2;2;37;29;5.41%;6.9%;5.46;5.62;
impact de la culture d'entreprise sur la performance de l'organisation;2;0;37;0;5.41%;0%;10.11;0;
goal vs strategy vs tactic;2;7;36;24;5.56%;29.17%;3.67;4.08;
project management culture;2;0;36;0;5.56%;0%;10.22;0;
social media content brief;2;2;35;21;5.71%;9.52%;3.91;3.71;
objectives vs tactics;2;4;34;24;5.88%;16.67%;1.12;1.12;
data science google analytics;2;4;34;15;5.88%;26.67%;5.32;5.87;
mission objectives strategy tactics;2;2;33;32;6.06%;6.25%;2.76;3.62;
is lead generation sales or marketing;2;0;31;0;6.45%;0%;5.94;0;
content writing brief template;2;1;30;27;6.67%;3.7%;8.23;7.56;
sales objectives strategies and tactics;2;0;29;0;6.9%;0%;4.55;0;
goals vs strategy;2;1;29;30;6.9%;3.33%;7.17;7.67;
difference between an objective and a strategy;2;0;27;0;7.41%;0%;3.63;0;
strategy objectives goals tactics;2;0;26;0;7.69%;0%;3.92;0;
jean françois renaud;2;0;25;0;8%;0%;1.2;0;
one-pager;2;1;25;21;8%;4.76%;6.4;6.24;
google snippet;2;2;25;9;8%;22.22%;20.12;1;
strategy vs tactics vs objectives;2;2;24;17;8.33%;11.76%;2.96;3.12;
facebook ads target language;2;1;24;28;8.33%;3.57%;5.17;5.82;
chiffres clés amazon;2;0;24;0;8.33%;0%;6;0;
je deteste les lundi;2;1;23;17;8.7%;5.88%;2.61;2.59;
amazon nombre de clients;2;2;23;16;8.7%;12.5%;5.48;5.75;
goal objectives strategies tactics;2;1;21;9;9.52%;11.11%;1;1;
what makes a good client;2;5;20;19;10%;26.32%;4.05;4.95;
reputation metrics;2;0;20;0;10%;0%;8.45;0;
amazon en quelques chiffres;2;1;19;12;10.53%;8.33%;3.05;3.17;
collecting data from multiple sources;2;0;19;0;10.53%;0%;3.11;0;
différence rentabilité profitabilité;2;3;19;14;10.53%;21.43%;4.05;4.43;
différence rentabilité et profitabilité;2;0;19;0;10.53%;0%;5.47;0;
nombre d'utilisateur amazon;2;1;19;6;10.53%;16.67%;7.21;9;
mot clé voyage;2;1;17;16;11.76%;6.25%;4.94;6.44;
équité de marque;2;0;16;0;12.5%;0%;1.69;0;
salon connexion 2019;2;1;16;18;12.5%;5.56%;3.25;3.5;
ost objective strategy tactics;2;0;16;0;12.5%;0%;4.12;0;
adviso.ca;2;2;14;14;14.29%;14.29%;1;1;
aims objectives strategies and tactics;2;0;13;0;15.38%;0%;3.38;0;
measure reputation;2;1;13;17;15.38%;5.88%;5.31;5.29;
itm parameters;2;1;12;11;16.67%;9.09%;3.5;3.91;
marché des box chiffre d'affaire;2;0;10;0;20%;0%;9.1;0;
powerbi google;2;0;9;0;22.22%;0%;4.11;0;
philosophie de google;2;0;7;0;28.57%;0%;4;0;
objective strategy tactics examples;2;1;6;3;33.33%;33.33%;1;1;
adviso group;2;0;6;0;33.33%;0%;3.83;0;
ssp programmatique;2;0;6;0;33.33%;0%;50.83;0;
cdp web;2;0;4;0;50%;0%;6;0;
all seo company in montreal;2;3;4;10;50%;30%;54.25;52.5;
utm parameters internal links;2;1;3;1;66.67%;100%;2;1;
g suite power bi;2;0;3;0;66.67%;0%;5.67;0;
internal utm tracking;2;0;2;0;100%;0%;1;0;
google.ca;1;3;6674;7026;0.01%;0.04%;9.85;9.64;
mass marketing;1;0;2690;2398;0.04%;0%;12.31;13.49;
dmp;1;2;2315;694;0.04%;0.29%;23.83;23.07;
merchandising;1;0;1579;741;0.06%;0%;14.97;12.34;
strategy and tactics;1;1;1168;1024;0.09%;0.1%;9.52;10.44;
lasik md;1;0;1160;1870;0.09%;0%;16.11;13.87;
montreal seo;1;1;990;1656;0.1%;0.06%;77.75;55.51;
référencement seo;1;1;935;471;0.11%;0.21%;49.7;25.16;
agence seo;1;1;844;856;0.12%;0.12%;11.48;7.49;
brand analytics;1;2;704;704;0.14%;0.28%;24.13;26.04;
referencement web;1;0;574;720;0.17%;0%;28.57;44.52;
rich snippets seo;1;3;549;569;0.18%;0.53%;12.57;13;
facebook blueprint certification;1;0;434;372;0.23%;0%;32.87;35.4;
agence marketing numérique;1;0;413;394;0.24%;0%;22.52;15.95;
seo marketing;1;0;366;274;0.27%;0%;33.25;28.96;
what is mass marketing;1;0;328;270;0.3%;0%;17.66;18.17;
quora;1;0;320;340;0.31%;0%;39.73;31.42;
seo snippet;1;0;319;224;0.31%;0%;60.49;58.35;
calendrier éditorial;1;3;316;196;0.32%;1.53%;12.7;12.59;
canevas plan stratégique pdf;1;0;306;0;0.33%;0%;2.42;0;
tinder match;1;0;288;781;0.35%;0%;12.13;10.55;
flat design;1;1;209;159;0.48%;0.63%;21.63;23.94;
youtube inscription;1;2;207;243;0.48%;0.82%;9.46;9.27;
insight en francais;1;1;203;140;0.49%;0.71%;9.44;9.07;
leads;1;0;197;154;0.51%;0%;24.01;13.14;
lasikmd;1;0;190;456;0.53%;0%;12.67;10.79;
insight en français;1;0;183;0;0.55%;0%;10.06;0;
seo company in montreal;1;1;171;199;0.58%;0.5%;29.53;23.74;
strategy goals;1;0;165;0;0.61%;0%;3.75;0;
stratégie adwords;1;3;164;164;0.61%;1.83%;4.8;4.68;
marketing technology;1;0;154;0;0.65%;0%;58.43;0;
analytics developer;1;1;152;108;0.66%;0.93%;14.89;23.98;
merchandising online;1;0;146;0;0.68%;0%;32.6;0;
analytics plan;1;0;145;136;0.69%;0%;14.77;9.83;
example of a strategy;1;0;142;0;0.7%;0%;3.79;0;
safari app;1;0;141;0;0.71%;0%;6.37;0;
cdp marketing;1;0;139;163;0.72%;0%;70.01;92.95;
agence web montreal;1;0;138;587;0.72%;0%;92.49;91.84;
goal vs strategy;1;4;137;99;0.73%;4.04%;6.05;6.35;
4388 rue saint-denis;1;0;136;0;0.74%;0%;6.62;0;
payerconstat;1;1;130;100;0.77%;1%;6.63;5.88;
dmp agency;1;0;130;0;0.77%;0%;54.87;0;
ville de montreal.qc.ca/payerconstat;1;0;129;0;0.78%;0%;9.31;0;
strategic goals and objectives examples;1;1;123;96;0.81%;1.04%;8.27;6.24;
stratégie marketing internet;1;0;123;0;0.81%;0%;49.09;0;
data analysis with open source tools;1;0;122;0;0.82%;0%;10.67;0;
agence numérique montréal;1;0;121;0;0.83%;0%;7.43;0;
omni digital;1;0;121;0;0.83%;0%;10.1;0;
data analysis dashboards;1;2;115;97;0.87%;2.06%;6.28;8.16;
dmp solutions;1;0;112;0;0.89%;0%;39.38;0;
stratégie contenu;1;0;111;0;0.9%;0%;33.14;0;
traduire insight;1;1;104;84;0.96%;1.19%;7.57;7.45;
strategy vs goals;1;3;103;84;0.97%;3.57%;4.6;4.57;
how to define objectives;1;0;102;0;0.98%;0%;13.49;0;
insights en français;1;1;101;69;0.99%;1.45%;9.21;9.04;
goal strategy;1;3;96;85;1.04%;3.53%;3.32;2.98;
creating a single customer view;1;0;95;0;1.05%;0%;42.54;0;
optimiser adwords;1;0;94;0;1.06%;0%;25.24;0;
concours facebook;1;0;93;0;1.08%;0%;38.72;0;
blueprint facebook certification;1;0;92;0;1.09%;0%;32.63;0;
seo web;1;1;90;71;1.11%;1.41%;24.84;17.25;
objectifs stratégiques;1;1;87;58;1.15%;1.72%;6.45;5.17;
adobe attribution;1;0;87;0;1.15%;0%;8.31;0;
data tv;1;1;87;78;1.15%;1.28%;8.59;8.13;
tactic strategy;1;0;84;0;1.19%;0%;6.36;0;
sem writing;1;0;83;0;1.2%;0%;2.07;0;
google canada search;1;0;83;218;1.2%;0%;10.18;9.92;
différence entre stratégie et tactique;1;0;83;0;1.2%;0%;10.25;0;
format mailing;1;2;79;73;1.27%;2.74%;6.28;6.12;
ville.montréal.qc.ca/payer constat;1;0;77;0;1.3%;0%;9.03;0;
collecting and combining data from multiple sources;1;4;77;46;1.3%;8.7%;9.17;9.8;
content marketing brief;1;2;75;81;1.33%;2.47%;5.13;4.8;
vigie technologique;1;1;75;64;1.33%;1.56%;7.53;8.69;
customer data platform companies;1;0;75;0;1.33%;0%;82.37;0;
chiffre amazon;1;1;74;51;1.35%;1.96%;7.78;8.65;
buy keywords on google;1;1;72;60;1.39%;1.67%;5.99;6.13;
dimension emailing;1;1;71;64;1.41%;1.56%;7.59;8.55;
goals objectives strategies tactics examples;1;4;70;59;1.43%;6.78%;2.13;1.12;
good client;1;1;70;63;1.43%;1.59%;3.99;4.3;
traffic sources;1;0;70;0;1.43%;0%;69.9;0;
strategy and tactics examples;1;0;68;0;1.47%;0%;2.96;0;
exemple de stratégie;1;4;68;60;1.47%;6.67%;5.21;5.57;
seo content brief;1;1;67;61;1.49%;1.64%;6.97;8.05;
objectif stratégie marketing;1;0;67;0;1.49%;0%;13.27;0;
content brief template word;1;0;66;0;1.52%;0%;8.64;0;
data insights;1;0;66;0;1.52%;0%;51.53;0;
marketing seo;1;0;65;0;1.54%;0%;16.66;0;
cheat sheet traduction;1;1;64;57;1.56%;1.75%;8.42;8.46;
les parties prenantes d'un projet;1;0;63;0;1.59%;0%;4.3;0;
turning data into insights;1;3;63;57;1.59%;5.26%;8.37;9.25;
content briefing;1;0;60;0;1.67%;0%;5.33;0;
ia marketing;1;0;59;0;1.69%;0%;34.19;0;
actionable insights from data;1;0;58;0;1.72%;0%;6.5;0;
bouton partager;1;0;57;0;1.75%;0%;3.93;0;
examples of strategies;1;1;56;123;1.79%;0.81%;16.55;10;
strategy and objectives;1;6;55;59;1.82%;10.17%;1.38;1.54;
objective and strategy;1;3;55;37;1.82%;8.11%;1.49;1.49;
qr code marketing;1;1;55;19;1.82%;5.26%;9.8;13.47;
facebook blue print;1;0;55;0;1.82%;0%;51.75;0;
stack marketing;1;0;53;0;1.89%;0%;3.43;0;
tactical objectives examples;1;0;50;0;2%;0%;1.48;0;
power bi vs google data studio;1;1;50;26;2%;3.85%;10.34;11.04;
sem ads examples;1;0;49;0;2.04%;0%;6.9;0;
last click attribution is dead;1;1;48;42;2.08%;2.38%;4.48;4.55;
certification blueprint;1;0;48;0;2.08%;0%;5.85;0;
data from different sources;1;1;48;18;2.08%;5.56%;6.23;5.72;
data driven en francais;1;1;48;22;2.08%;4.55%;6.62;6.86;
programmatique définition;1;1;48;29;2.08%;3.45%;10.73;11.83;
what is google.ca;1;0;47;0;2.13%;0%;6.4;0;
key user traduction;1;0;47;0;2.13%;0%;9.72;0;
certification facebook blueprint;1;1;47;45;2.13%;2.22%;14.57;15.36;
natures touch;1;0;47;0;2.13%;0%;26.89;0;
bon client;1;0;46;0;2.17%;0%;3.87;0;
richsnippets;1;1;46;49;2.17%;2.04%;15.13;13.12;
social media content brief template;1;0;45;0;2.22%;0%;4.62;0;
qualité gestion de projet;1;0;45;0;2.22%;0%;12.6;0;
profitabilité et rentabilité exemple;1;1;44;28;2.27%;3.57%;9.02;9.39;
largeur newsletter;1;1;44;41;2.27%;2.44%;9.64;10.95;
business case;1;0;44;0;2.27%;0%;78.02;0;
bouton partage;1;1;43;26;2.33%;3.85%;3.42;2.08;
rentabilité profitabilité;1;2;43;34;2.33%;5.88%;5.74;7.21;
application concours facebook gratuit;1;0;42;0;2.38%;0%;10.98;0;
transformation digitale montreal;1;0;42;0;2.38%;0%;17.95;0;
content brief sample;1;0;41;0;2.44%;0%;6.2;0;
objective of strategy;1;0;40;0;2.5%;0%;1.52;0;
facebook ads in different language;1;0;40;0;2.5%;0%;8.25;0;
objectif strategique;1;1;39;10;2.56%;10%;9.33;9;
contenu généré par les utilisateurs;1;0;39;0;2.56%;0%;18.51;0;
goal objective strategy tactic example;1;4;38;37;2.63%;10.81%;1.71;2.38;
how to be a good client;1;1;38;30;2.63%;3.33%;6.89;7.57;
google data studio wiki;1;1;38;31;2.63%;3.23%;13.5;12;
strategies vs objectives;1;4;37;35;2.7%;11.43%;2.11;3.06;
recherche à facette;1;1;36;27;2.78%;3.7%;2.69;2.52;
marketing de masse exemple;1;0;36;0;2.78%;0%;5.92;0;
google analytics in r;1;0;36;0;2.78%;0%;7.44;0;
torent 411;1;1;36;57;2.78%;1.75%;9.22;6.4;
insight traduction francais;1;0;36;0;2.78%;0%;9.61;0;
how to write insights from data;1;1;36;33;2.78%;3.03%;10.72;11.94;
goals objectives tactics;1;4;35;31;2.86%;12.9%;1.11;1;
objectives goals strategies;1;0;35;0;2.86%;0%;2.66;0;
profitabilité rentabilité;1;2;35;27;2.86%;7.41%;4.86;5.22;
goals vs objectives vs strategies;1;6;35;42;2.86%;14.29%;5.43;5.64;
goals and strategy;1;0;35;0;2.86%;0%;5.63;0;
taux de notoriété calcul;1;0;35;0;2.86%;0%;8;0;
operational rigor meaning;1;0;35;0;2.86%;0%;9.49;0;
rich snippets in seo;1;0;35;0;2.86%;0%;12.57;0;
pages vues;1;0;35;0;2.86%;0%;22.97;0;
marketing ia;1;1;35;35;2.86%;2.86%;23.09;35.46;
accessibilité seo;1;1;34;34;2.94%;2.94%;3.09;3;
digital strategy service;1;0;34;0;2.94%;0%;4.26;0;
post click attribution;1;1;34;33;2.94%;3.03%;5.09;4.97;
brand marketing analytics;1;2;34;36;2.94%;5.56%;7.53;17.97;
difference between strategy and goal;1;0;33;0;3.03%;0%;6.76;0;
consultant transformation numérique;1;0;33;0;3.03%;0%;8.27;0;
calcul taux de notoriété;1;0;33;0;3.03%;0%;9.85;0;
agence numerique quebec;1;0;33;0;3.03%;0%;10.09;0;
impact of organizational culture on project success;1;0;33;0;3.03%;0%;11.3;0;
culture and project management;1;0;32;0;3.12%;0%;6.59;0;
comment calculer le taux de notoriété d'une entreprise;1;0;32;0;3.12%;0%;7;0;
rich snipet;1;1;32;16;3.12%;6.25%;7.97;6.38;
calendrier editorial;1;0;32;0;3.12%;0%;9.59;0;
goals strategies tactics template;1;0;31;0;3.23%;0%;1;0;
strategy goals and objectives;1;0;31;0;3.23%;0%;1;0;
itm tracking;1;0;30;0;3.33%;0%;6.9;0;
mission objective strategy tactics;1;0;29;0;3.45%;0%;2.9;0;
mesurer la notoriété d'une marque;1;0;29;0;3.45%;0%;6.93;0;
programatique;1;1;29;29;3.45%;3.45%;17.41;12.34;
goals objectives and strategies;1;1;28;14;3.57%;7.14%;1.29;1.21;
brief content meaning;1;2;28;14;3.57%;14.29%;3.25;2.86;
google analytics and r;1;3;28;14;3.57%;21.43%;5.54;6.21;
olivier nicolas scott;1;0;28;0;3.57%;0%;6.39;0;
marketing automation questions;1;1;28;28;3.57%;3.57%;7.82;5.14;
google analytics analysis beta;1;0;28;0;3.57%;0%;12.46;0;
how to write a content brief;1;3;27;19;3.7%;15.79%;4.44;6.16;
je déteste le lundi;1;1;27;14;3.7%;7.14%;5.22;5.43;
data insight traduction;1;4;27;18;3.7%;22.22%;5.26;5.72;
strategie tactique;1;0;27;0;3.7%;0%;9.56;0;
goals vs objectives in strategic planning;1;0;27;0;3.7%;0%;13.3;0;
media objectives strategies and tactics;1;0;26;0;3.85%;0%;3.77;0;
goal strategy objective;1;0;26;0;3.85%;0%;4.23;0;
strategic goals vs objectives;1;2;26;18;3.85%;11.11%;5.38;6.28;
game changer expression;1;1;26;9;3.85%;11.11%;10.08;5.22;
facebook segmentation;1;0;26;0;3.85%;0%;35.08;0;
analytics r;1;1;26;25;3.85%;4%;37.88;37.08;
je hais le lundi;1;0;25;0;4%;0%;2.16;0;
xavier mainville;1;0;25;0;4%;0%;3.2;0;
certification blueprint facebook;1;0;25;0;4%;0%;7.4;0;
torrent411.com;1;1;25;18;4%;5.56%;7.4;8.44;
stratégie numerique;1;0;25;0;4%;0%;14.24;0;
marketing agency montreal;1;0;25;0;4%;0%;88.44;0;
website content brief;1;4;24;19;4.17%;21.05%;2.96;3.58;
dashboard data analysis;1;0;24;0;4.17%;0%;4.83;0;
tactique marketing;1;0;24;0;4.17%;0%;6.38;0;
adobe attribution model;1;0;24;0;4.17%;0%;7.88;0;
tactical objectives definition;1;0;24;0;4.17%;0%;8.25;0;
cheat sheet en francais;1;0;24;0;4.17%;0%;8.88;0;
j'aime pas les lundis;1;1;24;17;4.17%;5.88%;8.88;8.18;
snippets in seo;1;0;24;0;4.17%;0%;17.96;0;
appelez-nous au téléphone;1;0;23;0;4.35%;0%;3.83;0;
marketing strategy vs tactics examples;1;0;23;0;4.35%;0%;5.96;0;
script adwords;1;0;23;0;4.35%;0%;12.48;0;
analyse des parties prenantes;1;0;23;0;4.35%;0%;13.91;0;
business rigor;1;0;22;0;4.55%;0%;5.59;0;
what is the difference between strategy and objective;1;1;21;11;4.76%;9.09%;3.67;3.91;
difference between goals objectives strategies and tactics;1;2;21;11;4.76%;18.18%;5.05;5.64;
ux seks;1;0;20;0;5%;0%;1;0;
objectives strategy;1;0;20;0;5%;0%;1.1;0;
culture in project management;1;0;20;0;5%;0%;7.45;0;
google analytics with r;1;2;20;21;5%;9.52%;7.8;9.43;
notre equipe;1;0;20;0;5%;0%;8.2;0;
formation adobe analytics;1;0;20;0;5%;0%;8.85;0;
bouton partager facebook html;1;0;20;0;5%;0%;10.7;0;
planification tactique;1;0;20;0;5%;0%;27.45;0;
off facebook activity;1;0;20;0;5%;0%;42.05;0;
objective vs tactic;1;3;19;11;5.26%;27.27%;1;1;
sustainable digital marketing;1;5;19;18;5.26%;27.78%;2.89;2.22;
strategies and objectives;1;1;19;18;5.26%;5.56%;3.16;3.28;
difference between strategies and objectives;1;1;19;14;5.26%;7.14%;3.89;4.64;
difference between strategic goals and objectives;1;0;19;0;5.26%;0%;5.05;0;
guide style;1;0;19;0;5.26%;0%;5.47;0;
power bi google data studio;1;0;19;0;5.26%;0%;10.05;0;
dmp company;1;0;19;0;5.26%;0%;15.37;0;
game changer definition;1;0;19;0;5.26%;0%;15.58;0;
concours facebook application;1;3;18;25;5.56%;12%;2.06;3.4;
telecharger power editor facebook;1;1;18;14;5.56%;7.14%;2.22;2.64;
describe how organizational culture is related to project management;1;0;18;0;5.56%;0%;3.56;0;
comment mesurer la notoriété;1;3;18;13;5.56%;23.08%;4.28;4;
goals vs tactics;1;0;18;0;5.56%;0%;4.72;0;
différence entre stratégie et plan d'action;1;4;18;18;5.56%;22.22%;5.28;3.78;
google analytics pages vues;1;0;18;0;5.56%;0%;7;0;
cookie pocalypse;1;0;18;0;5.56%;0%;7.67;0;
content briefing template;1;1;18;7;5.56%;14.29%;7.89;6.86;
programmatique marketing;1;0;18;0;5.56%;0%;11.11;0;
google power bi;1;1;18;12;5.56%;8.33%;18.39;20.25;
google ads auction;1;0;18;0;5.56%;0%;26.72;0;
objectives tactics strategies;1;0;17;0;5.88%;0%;1.12;0;
goals objective strategies and tactics;1;0;17;0;5.88%;0%;1.18;0;
strategy goals tactics;1;0;17;0;5.88%;0%;1.29;0;
objective goal strategy;1;2;17;16;5.88%;12.5%;3.41;3.88;
objectives and strategy;1;0;17;0;5.88%;0%;3.71;0;
objective strategies;1;0;16;0;6.25%;0%;1;0;
itm google analytics;1;1;16;12;6.25%;8.33%;2.62;3.58;
stratégie exemple;1;1;16;15;6.25%;6.67%;5.44;6.4;
difference between goals strategies and tactics;1;0;16;0;6.25%;0%;5.69;0;
marketing de masse avantages;1;1;16;24;6.25%;4.17%;7.44;7.5;
outreach francais;1;0;16;0;6.25%;0%;10.31;0;
cible objectif;1;0;16;0;6.25%;0%;11.25;0;
google ads app install;1;0;16;0;6.25%;0%;12;0;
agence web montréal;1;0;16;372;6.25%;0%;97.38;92.49;
paradoxe de la gestion de projet;1;0;15;0;6.67%;0%;4.13;0;
key insights traduction;1;0;15;0;6.67%;0%;6.13;0;
consultant en transformation numérique;1;0;15;0;6.67%;0%;7.47;0;
google data studio or power bi;1;0;15;0;6.67%;0%;9.33;0;
strategie adwords;1;3;15;28;6.67%;10.71%;19.47;41;
dmp audiences;1;0;15;0;6.67%;0%;32.87;0;
data driven francais;1;0;14;0;7.14%;0%;6.36;0;
nombre utilisateurs amazon;1;1;14;8;7.14%;12.5%;7.43;7.88;
les indicateurs de mesure du marché;1;0;14;0;7.14%;0%;7.93;0;
tactique stratégique;1;0;14;0;7.14%;0%;8.71;0;
nombre de caractères post facebook;1;0;14;0;7.14%;0%;10.57;0;
analytics strategy template;1;0;13;0;7.69%;0%;4.15;0;
jf renaud;1;1;13;10;7.69%;10%;4.92;3.7;
masse marketing;1;0;13;0;7.69%;0%;5.77;0;
niveau stratégique tactique et opérationnel;1;1;13;14;7.69%;7.14%;5.77;6.57;
moulaye traore;1;3;13;18;7.69%;16.67%;6.38;7.28;
data analytic dashboard;1;0;13;0;7.69%;0%;7.92;0;
internal link tracking google analytics;1;1;13;16;7.69%;6.25%;8.85;10.12;
data studio power bi;1;0;13;0;7.69%;0%;9.08;0;
stm tous azimut;1;0;13;0;7.69%;0%;9.85;0;
torren 411;1;1;13;8;7.69%;12.5%;12.46;10.75;
role du marketing;1;0;13;0;7.69%;0%;16.46;0;
plan de contenu;1;1;12;9;8.33%;11.11%;4.08;7.44;
content brief templates;1;1;12;14;8.33%;7.14%;7.42;6.79;
traduction de insight;1;0;12;0;8.33%;0%;9.58;0;
most mission objectives strategy tactics;1;0;12;0;8.33%;0%;11.08;0;
media technology;1;0;12;0;8.33%;0%;12;0;
safari (in-app) google analytics;1;0;12;0;8.33%;0%;35.08;0;
pyramide stratégique tactique opérationnel;1;0;11;0;9.09%;0%;1;0;
comment inciter les clients à acheter;1;2;11;12;9.09%;16.67%;3.09;2.42;
les rich snippets;1;1;11;11;9.09%;9.09%;3.45;4.55;
describe how organizational culture is related to project management.;1;0;11;0;9.09%;0%;3.73;0;
taille image email;1;0;11;0;9.09%;0%;5.18;0;
what is the difference between a goal and a strategy;1;0;11;0;9.09%;0%;5.82;0;
media numérique;1;0;11;0;9.09%;0%;6.55;0;
cheat sheet francais;1;0;11;0;9.09%;0%;7.18;0;
culture organisationnelle et leadership;1;0;11;0;9.09%;0%;8.82;0;
microsoft power bi vs google data studio;1;0;11;0;9.09%;0%;9.18;0;
insight traduction marketing;1;0;11;0;9.09%;0%;10.82;0;
google tag man;1;0;11;0;9.09%;0%;11.27;0;
e commerce company structure;1;0;11;0;9.09%;0%;28.64;0;
digital media strategist;1;0;11;0;9.09%;0%;38.55;0;
exemples d'objectifs stratégiques d'une entreprise;1;0;10;0;10%;0%;3.3;0;
exemple objectifs stratégiques d'une entreprise;1;0;10;0;10%;0%;4.3;0;
project rigor;1;0;10;0;10%;0%;4.4;0;
one pagers;1;2;10;9;10%;22.22%;6.7;5.22;
r and google analytics;1;0;10;0;10%;0%;6.7;0;
niveau tactique;1;2;10;5;10%;40%;7.8;4.4;
track internal links google analytics;1;0;10;0;10%;0%;9.2;0;
brand reputation measurement;1;1;10;11;10%;9.09%;9.4;9.73;
exemple enjeux et objectif;1;0;10;0;10%;0%;13;0;
framework e commerce;1;0;10;0;10%;0%;17.1;0;
insight exploitable;1;0;9;0;11.11%;0%;2.67;0;
guide de style web;1;0;9;0;11.11%;0%;5.44;0;
one pager;1;0;9;0;11.11%;0%;5.89;0;
marché de l'alimentation;1;0;9;0;11.11%;0%;11.11;0;
how to generate insights from data;1;1;9;1;11.11%;100%;15;8;
safari in-app;1;2;9;6;11.11%;33.33%;16;8;
elsa badinier;1;0;8;0;12.5%;0%;1.5;0;
tactics vs objectives;1;0;8;0;12.5%;0%;3.38;0;
lisa camier;1;0;8;0;12.5%;0%;5.5;0;
2022 apocalypse;1;0;8;0;12.5%;0%;5.62;0;
google data studio vs power bi 2019;1;0;8;0;12.5%;0%;7.88;0;
generating insights from data;1;0;8;0;12.5%;0%;12.25;0;
my little box canada;1;2;8;21;12.5%;9.52%;12.62;11.05;
définition programmatique;1;0;8;0;12.5%;0%;13.38;0;
difference strategy and tactics;1;0;8;0;12.5%;0%;37.5;0;
dimension email;1;0;7;0;14.29%;0%;3.57;0;
stratégie et plan d'action;1;1;7;9;14.29%;11.11%;6.43;7.33;
publier sur plusieurs pages facebook;1;0;7;0;14.29%;0%;9.86;0;
payer une contravention ville de montréal;1;0;7;0;14.29%;0%;10;0;
2020 voice search;1;1;7;2;14.29%;50%;10.14;8.5;
adwords app download;1;0;7;0;14.29%;0%;12.14;0;
impact of cultural diversity in project management;1;0;7;0;14.29%;0%;16.29;0;
stratégie numérique du québec;1;0;7;0;14.29%;0%;16.86;0;
social media impact;1;0;7;0;14.29%;0%;41.14;0;
voice search 2019;1;0;7;0;14.29%;0%;53.86;0;
due diligence retail business;1;0;7;0;14.29%;0%;56.14;0;
subscription based business model;1;0;6;0;16.67%;0%;3.83;0;
how do you measure reputation;1;0;6;0;16.67%;0%;5.67;0;
liste des articles;1;0;6;0;16.67%;0%;6.83;0;
objectifs stratégiques définition;1;0;6;0;16.67%;0%;7.67;0;
analytics omniture;1;1;6;3;16.67%;33.33%;8.17;9.33;
nombre utilisateur amazon;1;0;6;0;16.67%;0%;9;0;
benefits of subscription boxes;1;0;6;0;16.67%;0%;10.83;0;
jacques pigeon;1;0;6;0;16.67%;0%;30.17;0;
facebook certified media buying professional;1;0;6;0;16.67%;0%;32.83;0;
consumer impact marketing;1;0;6;0;16.67%;0%;34.67;0;
jennifer durocher;1;0;6;0;16.67%;0%;44.5;0;
structure organisationnelle entreprise;1;0;6;0;16.67%;0%;49.5;0;
format invitation mail;1;0;5;0;20%;0%;3.6;0;
create actionable insights;1;0;5;0;20%;0%;5.2;0;
combiner les données data studio;1;0;5;0;20%;0%;6;0;
digitoa;1;0;5;0;20%;0%;9.6;0;
taux de rebond moyen 2019;1;0;5;0;20%;0%;9.8;0;
stratégie d'organisation;1;0;5;0;20%;0%;10.6;0;
objectifs stratégiques et opérationnels;1;0;5;0;20%;0%;13;0;
vision mission objectifs stratégie;1;0;5;0;20%;0%;14.4;0;
marketing intelligence artificielle;1;0;5;0;20%;0%;15.4;0;
cirque du soleil marketing strategy;1;0;5;0;20%;0%;16.2;0;
nautilus plus prix;1;0;5;0;20%;0%;20;0;
guide marketing automation;1;0;5;0;20%;0%;38.2;0;
objectives strategies and tactics examples;1;2;4;7;25%;28.57%;1;1;
strategies tactics and objectives;1;1;4;10;25%;10%;1;1.3;
grc google;1;0;4;0;25%;0%;4.25;0;
types d'organisation du travail;1;0;4;0;25%;0%;4.75;0;
strategie ux;1;0;4;0;25%;0%;6.25;0;
publicités ciblées;1;0;4;0;25%;0%;9.75;0;
impact of social media on consumers;1;0;4;0;25%;0%;10.25;0;
la culture de l'organisation;1;0;4;0;25%;0%;11;0;
certification facebook gratuit;1;0;4;0;25%;0%;18.75;0;
bonheur au travail entreprise;1;0;4;0;25%;0%;29.5;0;
the game changers en francais;1;0;4;0;25%;0%;32;0;
strategy versus tactic;1;0;4;0;25%;0%;33.75;0;
facebook certification exam questions;1;1;4;6;25%;16.67%;42.75;40.33;
marketing des services financiers;1;0;4;0;25%;0%;47.5;0;
agence montreal;1;0;4;0;25%;0%;52.5;0;
avinash kaushik;1;0;4;0;25%;0%;75;0;
bi google data studio;1;0;3;0;33.33%;0%;3;0;
google adwords vs google analytics;1;0;3;0;33.33%;0%;5;0;
chargé de projet qualité;1;0;3;0;33.33%;0%;11;0;
objectifs stratégiques et opérationnels exemples;1;0;3;0;33.33%;0%;14.67;0;
how do subscription boxes work;1;0;3;0;33.33%;0%;15.67;0;
strategie netflix;1;0;3;0;33.33%;0%;16;0;
mise en page responsive;1;0;3;0;33.33%;0%;24.33;0;
yahoo answers vs quora;1;0;3;0;33.33%;0%;24.33;0;
utilisation qr code;1;0;3;0;33.33%;0%;28;0;
dmp programmatic advertising;1;0;3;0;33.33%;0%;30.33;0;
google snipet;1;1;2;1;50%;100%;1;1;
vente de lead;1;0;2;0;50%;0%;2;0;
bounce rate google;1;0;2;0;50%;0%;3;0;
exemple objectif stratégique;1;0;2;0;50%;0%;3;0;
adbiso;1;0;2;0;50%;0%;4;0;
nouveau facebook 2020;1;0;2;0;50%;0%;6;0;
aviso web;1;0;2;0;50%;0%;6.5;0;
analysis beta google analytics;1;0;2;0;50%;0%;9.5;0;
dmp ecommerce;1;0;2;0;50%;0%;10.5;0;
agence marketing numérique montréal;1;0;2;0;50%;0%;11.5;0;
safari (in-app) analytics;1;0;2;0;50%;0%;13;0;
les 5 niveaux d'un produit;1;0;2;0;50%;0%;14;0;
goals objectives actions;1;0;2;0;50%;0%;17.5;0;
supprimer lignes infinies excel;1;0;2;0;50%;0%;18;0;
safari vs safari in app;1;0;2;0;50%;0%;25;0;
equivalent power bi gratuit;1;0;2;0;50%;0%;26;0;
difference between gdn and programmatic;1;0;2;0;50%;0%;28;0;
analyse merchandising magasin;1;0;2;0;50%;0%;32;0;
advizo;1;0;1;0;100%;0%;1;0;
collect data from multiple sources;1;0;1;0;100%;0%;1;0;
seks ux;1;0;1;0;100%;0%;1;0;
how to mass market a product;1;0;1;0;100%;0%;2;0;
in app browser;1;0;1;0;100%;0%;2;0;
organic reach facebook;1;0;1;0;100%;0%;3;0;
style guideline;1;0;1;0;100%;0%;4;0;
webdocu;1;0;1;0;100%;0%;5;0;
entreprise profitable;1;0;1;0;100%;0%;6;0;
game-changer definition;1;0;1;0;100%;0%;6;0;
martech 2019;1;0;1;0;100%;0%;6;0;
objective intelligence;1;0;1;0;100%;0%;6;0;
marketing prospects;1;0;1;0;100%;0%;7;0;
mia marin snapchat;1;0;1;0;100%;0%;7;0;
5 organisation;1;0;1;0;100%;0%;8;0;
pagetracker._trackpageview;1;0;1;0;100%;0%;8;0;
google ads app store;1;0;1;0;100%;0%;9;0;
see think do care framework;1;0;1;0;100%;0%;9;0;
catbreading;1;0;1;0;100%;0%;10;0;
definir strategie;1;0;1;0;100%;0%;11;0;
tactic vs strategy definition;1;0;1;0;100%;0%;12;0;
problématique culture d'entreprise;1;0;1;0;100%;0%;14;0;
stratégie politique tactique;1;0;1;0;100%;0%;17;0;
filtre excel raccourci clavier;1;0;1;0;100%;0%;18;0;
objectifs communication;1;0;1;0;100%;0%;22;0;
facebook blueprint sample questions;1;0;1;0;100%;0%;33;0;
generation.z;1;0;1;0;100%;0%;34;0;
party apocalypse;1;0;1;0;100%;0%;34;0;
why did my facebook change languages;1;0;1;0;100%;0%;50;0;
mieux que tinder;1;0;1;0;100%;0%;163;0;
digital strategy;0;0;3174;6053;0%;0%;61.43;72.14;
nautilus plus;0;1;3150;1368;0%;0.07%;8.36;9.32;
website development;0;0;2398;2012;0%;0%;71.27;75.21;
sem;0;0;2032;1401;0%;0%;61.45;44.18;
seo montreal;0;1;2009;2242;0%;0.04%;27.21;19.83;
lead generation;0;0;1880;1984;0%;0%;40.26;30.39;
google ranking;0;0;1700;309;0%;0%;81.91;74.19;
content marketing;0;0;1663;0;0%;0%;58.8;0;
i search from;0;0;1557;340;0%;0%;8.57;7.98;
data analytics strategy;0;0;1477;1422;0%;0%;9.97;8.56;
facebook blueprint;0;0;1283;907;0%;0%;56.16;53.8;
social media marketing agency;0;0;1201;1482;0%;0%;77.66;70.94;
tactique;0;0;1200;848;0%;0%;12.37;11.42;
strategy page;0;0;1158;1316;0%;0%;2.78;2.35;
lead generation marketing;0;0;1150;749;0%;0%;46.84;25.81;
google analytics;0;0;1088;1059;0%;0%;56.86;46.59;
google keywords;0;1;1026;549;0%;0.18%;71.91;60.46;
google;ca;0;0;989;4138;0%;0%;9.3;8.86
ux strategy;0;0;939;245;0%;0%;80.12;73.18;
transformation numérique;0;1;917;671;0%;0.15%;44.07;48.82;
adobe analytics;0;0;905;286;0%;0%;28.53;23.77;
single customer view;0;0;838;808;0%;0%;61.29;64.14;
analytics strategy;0;0;805;669;0%;0%;2.51;6.63;
google canada;0;1;803;754;0%;0.13%;52.87;49.65;
google ca;0;0;792;862;0%;0%;14.6;10.58;
référencement organique;0;0;770;825;0%;0%;43.94;34.97;
tinder algorithm;0;0;760;1869;0%;0%;1.41;1.74;
marketing analytics;0;0;754;418;0%;0%;64.72;40.72;
online merchandising;0;0;752;916;0%;0%;47.52;38.78;
adwords;0;0;749;756;0%;0%;58.06;47.11;
google adwords;0;0;736;947;0%;0%;65.16;50.01;
digital advertising;0;0;733;303;0%;0%;77.23;86.3;
taux de rebond;0;0;723;659;0%;0%;31.93;29.13;
strategic objectives;0;0;715;759;0%;0%;19.75;33.29;
des mots clés plus;0;0;665;628;0%;0%;143.77;132;
busbud;0;0;614;549;0%;0%;23.96;27.89;
seo services montreal;0;0;610;807;0%;0%;82.17;64.04;
tinder elo;0;0;607;891;0%;0%;1.37;2.01;
rich snippets in search;0;0;593;258;0%;0%;74.07;70.69;
data management platform;0;0;582;189;0%;0%;79.58;87.22;
utm google analytics;0;0;575;545;0%;0%;53.99;56.57;
google optimize;0;0;572;628;0%;0%;67.42;70.35;
google analytics utm;0;0;564;520;0%;0%;42.34;46.01;
mots clés plus;0;0;545;540;0%;0%;71.57;61.31;
what is a cdp;0;0;538;657;0%;0%;47.62;56.32;
vigie;0;2;529;488;0%;0.41%;10.84;9.62;
ad copy;0;0;524;487;0%;0%;42.36;47.45;
content marketing strategist;0;0;523;600;0%;0%;38.87;38.66;
googlecom;0;0;518;2910;0%;0%;7.29;7.07;
google adwords guide;0;0;511;532;0%;0%;80.27;77.83;
des mots clés;0;0;511;508;0%;0%;116.3;96.52;
not provided;0;0;504;532;0%;0%;28.92;28.09;
sem adwords;0;1;497;463;0%;0.22%;16.89;16.81;
seo référencement;0;0;488;524;0%;0%;61.83;71.98;
content marketing analytics;0;0;481;350;0%;0%;74.3;81.61;
not provided google analytics;0;0;478;426;0%;0%;20.88;15.49;
médias sociaux;0;0;475;564;0%;0%;46.08;32.65;
agence seo montréal;0;1;474;527;0%;0.19%;5.25;4.64;
digital media agency;0;0;472;650;0%;0%;68.69;62.4;
conversion rate optimization;0;0;470;587;0%;0%;72.47;82.51;
outsource digital marketing;0;0;467;140;0%;0%;87.8;66.28;
oncrawl;0;0;464;330;0%;0%;35.75;39.83;
seo referencement;0;1;457;601;0%;0.17%;56.39;63.09;
marketing;0;0;454;248;0%;0%;39.23;66.04;
strategy vs tactics;0;0;450;523;0%;0%;38.47;36.14;
profitabilité;0;2;443;201;0%;1%;10.58;11.82;
marketing lead generation;0;0;440;144;0%;0%;50.32;28.5;
lead marketing;0;0;437;0;0%;0%;62.18;0;
web marketing analytics;0;0;435;540;0%;0%;71.45;89.13;
facebook language;0;0;431;232;0%;0%;11.94;13.3;
chuck norris facts;0;0;430;376;0%;0%;56.3;64.51;
marketing numérique;0;0;428;536;0%;0%;52.95;63.52;
data and analytics strategy;0;0;426;408;0%;0%;6.82;5.96;
keyword planner;0;0;423;462;0%;0%;37.66;31.74;
montreal seo company;0;0;416;536;0%;0%;75.14;56.91;
social media agency;0;0;414;322;0%;0%;75.41;95.55;
google keyword planner;0;0;412;485;0%;0%;36.08;24.24;
marketing internet;0;0;404;344;0%;0%;48.38;51.24;
seo company montreal;0;0;404;473;0%;0%;49.38;32.9;
strategy definition;0;0;404;346;0%;0%;50.73;64.26;
content marketing strategy;0;0;399;0;0%;0%;81.82;0;
omni channel analytics;0;0;396;319;0%;0%;49.65;49.51;
search engine optimization montreal;0;0;394;381;0%;0%;27.57;26.69;
what is a lead in marketing;0;0;394;312;0%;0%;45.4;53.69;
keyword;0;0;394;624;0%;0%;52.07;48.42;
what is a dmp;0;0;392;180;0%;0%;44.79;61.54;
what are rich snippets;0;0;389;428;0%;0%;23.22;24.14;
seo rich snippets;0;0;388;390;0%;0%;13.25;14.55;
organizational culture is best explained as organizational;0;0;383;0;0%;0%;10.13;0;
voice search statistics;0;0;382;313;0%;0%;163.35;152.97;
groupe park avenue;0;0;378;229;0%;0%;11.56;11.34;
how many google searches per day;0;0;377;239;0%;0%;88.11;90.33;
strategy tactics;0;0;371;378;0%;0%;6.8;5.3;
example of strategy;0;0;370;190;0%;0%;2.96;1.64;
branding;0;0;370;181;0%;0%;85.08;89.94;
expérience utilisateur;0;1;364;304;0%;0.33%;34.1;49.48;
marketing ai;0;0;362;0;0%;0%;54.14;0;
google analytics premium;0;0;360;358;0%;0%;48.08;61.76;
générer des leads;0;0;354;396;0%;0%;44.99;48.59;
stratégie web;0;0;353;309;0%;0%;33.26;31.84;
google .ca;0;0;348;214;0%;0%;10.16;9.85;
position google;0;0;348;0;0%;0%;72.34;0;
adwords mobile;0;0;345;323;0%;0%;33.34;30.7;
seo agency montreal;0;1;345;400;0%;0.25%;71.27;46.98;
pme mtl;0;0;342;217;0%;0%;6.35;5.88;
strategies and tactics;0;0;341;235;0%;0%;8.23;9.01;
waq;0;0;339;248;0%;0%;37.22;44.49;
conception site web;0;0;338;791;0%;0%;90.72;88.05;
facebook certification;0;0;335;318;0%;0%;31.74;30.85;
what is a customer data platform;0;0;331;0;0%;0%;72.83;0;
analytics;0;0;329;419;0%;0%;42.94;48.59;
stratégie numérique;0;0;328;311;0%;0%;22.19;24.18;
notoriété;0;0;328;573;0%;0%;75.1;76.41;
référencement internet;0;0;326;277;0%;0%;24.88;23.27;
content marketing services;0;0;325;0;0%;0%;47.7;0;
référencement montréal;0;0;324;347;0%;0%;2.95;2.1;
adwords app;0;0;315;317;0%;0%;29.81;33.65;
benchmark;0;0;315;427;0%;0%;39.41;26.49;
omnichannel analytics;0;0;311;247;0%;0%;68.4;71.13;
référencement local;0;0;304;307;0%;0%;70.54;77.66;
digital marketing agency montreal;0;0;304;573;0%;0%;87.75;75.63;
using utm;0;0;302;320;0%;0%;63.66;77.07;
objective definition;0;0;296;297;0%;0%;63.44;58.61;
referencement;0;0;295;268;0%;0%;22.94;23.65;
web traffic analytics;0;0;294;265;0%;0%;64.48;68.42;
spécialiste adwords;0;0;293;540;0%;0%;74.11;73.5;
strategy example;0;0;289;182;0%;0%;3.07;2.21;
gestion de projet;0;0;289;364;0%;0%;48.95;52.02;
adobe analytics vs google analytics;0;0;287;204;0%;0%;70.28;71.88;
best seo company in montreal;0;0;286;450;0%;0%;54.13;40.64;
keyword grouper;0;0;286;0;0%;0%;92.53;0;
agence référencement web;0;1;284;221;0%;0.45%;6.91;4.1;
data studio;0;0;284;282;0%;0%;69.92;62.42;
customer experience cx;0;0;284;0;0%;0%;93.48;0;
customer data platform definition;0;0;283;0;0%;0%;70.4;0;
keywords google;0;0;281;261;0%;0%;72.17;71.91;
tous azimuts stm;0;0;279;269;0%;0%;7.56;9.15;
actionable data;0;0;279;371;0%;0%;16.13;27.16;
define lead generation;0;0;278;0;0%;0%;70.03;0;
fondation jean lapointe;0;0;274;0;0%;0%;8.84;0;
best customer data platform;0;0;273;0;0%;0%;83.07;0;
agence de référencement;0;1;270;292;0%;0.34%;13.87;13.42;
expert seo montreal;0;0;268;270;0%;0%;23.07;19.96;
rich snippets examples;0;0;268;271;0%;0%;43.61;42.85;
utm link;0;0;263;330;0%;0%;35.99;37.6;
customer data infrastructure;0;1;263;294;0%;0.34%;39.62;62.87;
courriel;0;0;262;404;0%;0%;44.59;37.54;
utm source;0;0;259;234;0%;0%;72.61;73.8;
utm tags;0;0;255;186;0%;0%;50.3;63.69;
digital media;0;0;253;292;0%;0%;47.82;41.13;
outsource your digital marketing;0;0;252;184;0%;0%;58.82;82.28;
attribution analysis;0;0;252;274;0%;0%;77.76;76.01;
seo services;0;0;251;343;0%;0%;81.27;75.03;
data management platform definition;0;0;250;134;0%;0%;40.04;56.19;
last click attribution;0;0;250;303;0%;0%;47.5;40.89;
subscription box;0;0;250;200;0%;0%;79.19;94.53;
optimisation adwords;0;0;249;266;0%;0%;13.17;13.27;
dmp data management platform;0;0;245;0;0%;0%;83.52;0;
optimisation campagne adwords;0;0;244;253;0%;0%;13.36;13.08;
agence web;0;0;244;175;0%;0%;75;76.66;
experience utilisateur;0;0;243;179;0%;0%;39.02;41.7;
youtube ads;0;0;242;204;0%;0%;28.76;24.59;
define strategy;0;0;241;263;0%;0%;23.8;21.22;
marketing lead;0;0;241;0;0%;0%;43.83;0;
tactics examples;0;0;239;196;0%;0%;3.13;3.43;
agence référencement;0;0;239;262;0%;0%;10.97;9.87;
referencement site web;0;1;239;251;0%;0.4%;42.56;25.56;
web site development;0;0;239;249;0%;0%;71.36;62.04;
agence référencement naturel;0;0;238;259;0%;0%;14.48;12.91;
marketing artificial intelligence;0;0;238;310;0%;0%;54.04;81.15;
r analytics;0;0;236;213;0%;0%;67.49;68;
organizational culture;0;0;235;222;0%;0%;69.4;77.7;
workshop template;0;0;234;299;0%;0%;32.99;15.31;
stm tous azimuts;0;0;233;0;0%;0%;9.81;0;
not provided analytics;0;0;232;198;0%;0%;10.99;8.88;
voice search;0;0;232;237;0%;0%;96.75;79.36;
marketing automation;0;0;231;224;0%;0%;55.58;40.56;
googleca;0;0;228;0;0%;0%;9.66;0;
what is lead generation marketing;0;0;228;0;0%;0%;39.76;0;
ai marketing;0;0;227;0;0%;0%;65.44;0;
seo monitor content performance;0;0;226;0;0%;0%;77.04;0;
sem best practices;0;0;224;155;0%;0%;43.38;42.94;
what is online merchandising;0;0;224;270;0%;0%;44.37;40.13;
mass marketing examples;0;0;223;147;0%;0%;17.91;32.63;
best seo agency in montreal;0;0;222;367;0%;0%;70.87;55.62;
traffic source;0;0;220;0;0%;0%;97.01;0;
mobile app install campaigns;0;0;219;227;0%;0%;29.25;30.38;
what is a ux strategy;0;0;219;223;0%;0%;55.95;64.76;
tactical goals;0;0;218;0;0%;0%;5.55;0;
user experience ux;0;0;217;0;0%;0%;56.38;0;
agence numérique;0;1;215;204;0%;0.49%;17.04;13.2;
google ranking analysis;0;0;214;262;0%;0%;47.39;81.73;
google web traffic;0;0;214;185;0%;0%;67.88;79.72;
utm in google analytics;0;0;214;139;0%;0%;80.18;72.05;
exacttarget data extract;0;0;213;220;0%;0%;26.18;26.9;
artificial intelligence marketing;0;0;213;0;0%;0%;62.77;0;
content marketing montreal;0;1;212;329;0%;0.3%;5.22;15.6;
adwords what is it;0;0;212;258;0%;0%;46.44;44.09;
mots clés google;0;0;212;195;0%;0%;57.08;50.76;
cdp customer data platform;0;0;212;0;0%;0%;62.65;0;
image de marque;0;0;212;302;0%;0%;65.75;59.03;
lead generation sources;0;0;212;0;0%;0%;66.81;0;
positionnement stratégique;0;0;211;207;0%;0%;35.68;43.58;
content creation;0;0;211;540;0%;0%;84.9;79.66;
référencement web montréal;0;0;210;202;0%;0%;3.15;1.32;
content strategy;0;0;210;0;0%;0%;94.84;0;
strategic goals and objectives;0;1;209;136;0%;0.74%;2.99;2.76;
google us;0;0;209;228;0%;0%;50.96;21.93;
keyword tool;0;0;208;252;0%;0%;50.95;44.17;
digital marketing agency in montreal;0;0;208;446;0%;0%;91.88;83.68;
agence referencement web;0;0;207;216;0%;0%;8.13;5.78;
veille médias sociaux;0;1;207;219;0%;0.46%;24.87;38.03;
seo service montreal;0;0;206;251;0%;0%;62.37;39.52;
adwords keyword planner;0;0;204;256;0%;0%;36.74;31.89;
consultant google analytics;0;0;201;209;0%;0%;74.68;80.37;
attribution omnicanal;0;1;200;178;0%;0.56%;27;21.87;
recherche vocale google;0;0;200;252;0%;0%;37.21;29.24;
isearch from;0;0;199;206;0%;0%;9.77;10.59;
intelligence artificielle;0;0;199;207;0%;0%;47.31;48.36;
google utm;0;0;199;159;0%;0%;72.17;75;
data analytics dashboard;0;0;198;315;0%;0%;24.33;21.9;
sem agency;0;0;198;204;0%;0%;75.77;91.18;
agence seo quebec;0;0;198;197;0%;0%;75.88;70.97;
modèles d’attribution marketing;0;0;198;173;0%;0%;77.83;77.64;
cdp data;0;0;196;220;0%;0%;46.28;62.5;
lead in marketing;0;0;194;176;0%;0%;43.18;61.41;
behavioural marketing;0;0;194;182;0%;0%;58.48;73.14;
média numérique;0;4;193;179;0%;2.23%;8.18;7.78;
cirque du soleil;0;0;193;177;0%;0%;49.68;60.71;
evenko;0;0;192;159;0%;0%;18.86;17.66;
tag manager;0;0;192;222;0%;0%;78.1;65.82;
customer data management platform;0;0;192;0;0%;0%;79.76;0;
référencement montreal;0;0;191;199;0%;0%;2.84;2.07;
tableau de bord excel;0;0;191;165;0%;0%;35.38;49.43;
utm tag;0;0;190;226;0%;0%;39.02;46.96;
what is dmp;0;0;189;0;0%;0%;83.3;0;
pme montreal;0;0;188;0;0%;0%;12.53;0;
actionable insight;0;0;188;205;0%;0%;15.41;16.61;
formation google analytics;0;0;188;209;0%;0%;37.02;35.46;
seo snippets;0;0;187;159;0%;0%;13.58;13.4;
adwords sem;0;0;187;165;0%;0%;18.3;20.18;
augmented analytics;0;0;187;0;0%;0%;76.86;0;
analytics 360 pricing;0;0;186;158;0%;0%;43.23;47.13;
what is voice search;0;0;186;163;0%;0%;142.85;137.72;
référencement site web;0;0;185;210;0%;0%;28.32;22.62;
référencement naturel;0;0;185;0;0%;0%;52.73;0;
tactics and strategy;0;0;183;152;0%;0%;11.24;8.96;
veille réseaux sociaux;0;0;183;173;0%;0%;34.61;25.17;
exacttarget;0;0;183;236;0%;0%;77.21;79.82;
google page ranking;0;0;183;0;0%;0%;88.62;0;
reitmans;0;2;182;84;0%;2.38%;32.02;36.75;
stratégie seo;0;0;182;156;0%;0%;70.19;89.1;
ux;0;0;182;0;0%;0%;72.34;0;
agence marketing montréal;0;1;182;227;0%;0.44%;83.52;75.55;
seo expert montreal;0;0;181;180;0%;0%;13.17;12.47;
sales lead management;0;0;181;222;0%;0%;84.24;64.82;
social marketing agency;0;0;181;157;0%;0%;89.96;87.71;
firme marketing;0;0;180;163;0%;0%;31.91;27.85;
gdpr;0;0;179;0;0%;0%;56.47;0;
lasik;0;0;179;259;0%;0%;87.66;83.84;
premiere chaine;0;0;178;0;0%;0%;7.73;0;
azimut stm;0;0;178;0;0%;0%;12.64;0;
customer data platform use cases;0;0;178;0;0%;0%;72.07;0;
google adwords keyword planner;0;0;177;187;0%;0%;19.78;17.23;
adwords ad writing tool;0;0;177;174;0%;0%;21.67;21.95;
ecommerce marketing;0;0;177;0;0%;0%;88.27;0;
not-provided;0;0;176;180;0%;0%;26.65;28.38;
stratégie et tactique;0;6;0;115;0%;5.22%;0;8.58;
le bon client;0;5;0;14;0%;35.71%;0;1.86;
safari résultats similaires;0;4;0;305;0%;1.31%;0;8.16;
facebook ad language;0;4;0;20;0%;20%;0;6.7;
taille image mail;0;3;0;83;0%;3.61%;0;6.55;
le marketing de masse;0;3;0;74;0%;4.05%;0;6.84;
brief marketing;0;3;0;40;0%;7.5%;0;22.68;
quebectorrent nouveau site;0;3;0;18;0%;16.67%;0;1.44;
qualité d'un bon gestionnaire de projet;0;3;0;18;0%;16.67%;0;5.33;
difference between objectives and tactics;0;3;0;10;0%;30%;0;4;
what organizational culture aspects will influence a project;0;3;0;9;0%;33.33%;0;2.67;
un bon client;0;2;0;123;0%;1.63%;0;5.07;
goals vs strategies;0;2;0;58;0%;3.45%;0;6.76;
format image mail;0;2;0;41;0%;4.88%;0;7.05;
intelligence artificielle marketing;0;2;0;40;0%;5%;0;18.85;
content briefs;0;2;0;39;0%;5.13%;0;3.87;
objectif stratégique exemple;0;2;0;38;0%;5.26%;0;4.79;
acheter des mots clés;0;2;0;36;0%;5.56%;0;7.78;
merchandising en ligne;0;2;0;28;0%;7.14%;0;7.71;
how to define strategy;0;2;0;26;0%;7.69%;0;8.08;
planification stratégique tactique et opérationnel;0;2;0;23;0%;8.7%;0;7.57;
je déteste les lundis;0;2;0;20;0%;10%;0;2.1;
jean-francois renaud;0;2;0;19;0%;10.53%;0;1.47;
emerging models;0;2;0;17;0%;11.76%;0;1.47;
service a la clientele reitmans;0;2;0;16;0%;12.5%;0;8.25;
50 of searches will be voice by 2020;0;2;0;15;0%;13.33%;0;9.67;
plan de gestion des parties prenantes;0;2;0;13;0%;15.38%;0;2.23;
faire une vigie;0;2;0;13;0%;15.38%;0;4.77;
algoritme tinder;0;2;0;12;0%;16.67%;0;1;
data science with google analytics;0;2;0;12;0%;16.67%;0;4.5;
strategy versus goals;0;2;0;12;0%;16.67%;0;9;
netflix stratégie de différenciation;0;2;0;11;0%;18.18%;0;9.09;
adviso logo;0;2;0;8;0%;25%;0;1;
objectif stratégie;0;2;0;5;0%;40%;0;3.2;
google analytics chicago;0;2;0;5;0%;40%;0;4.6;
rich snippets.;0;2;0;2;0%;100%;0;1;
safari;0;1;0;496;0%;0.2%;0;13.28;
google adwords keyword tool;0;1;0;400;0%;0.25%;0;16.51;
social alienation;0;1;0;315;0%;0.32%;0;12.83;
google keyword tool;0;1;0;290;0%;0.34%;0;49.66;
buy keywords;0;1;0;211;0%;0.47%;0;10.72;
referencement montreal;0;1;0;206;0%;0.49%;0;3.31;
tinder elo score;0;1;0;169;0%;0.59%;0;3.31;
outil sem;0;1;0;165;0%;0.61%;0;5.06;
hyper segmentation;0;1;0;137;0%;0.73%;0;7.34;
stratégie marketing automation;0;1;0;120;0%;0.83%;0;53.17;
elo score tinder;0;1;0;106;0%;0.94%;0;4.56;
turn data into actionable insights;0;1;0;103;0%;0.97%;0;5.79;
application concours;0;1;0;93;0%;1.08%;0;10.29;
snippets;0;1;0;91;0%;1.1%;0;9.3;
attribution adobe analytics;0;1;0;88;0%;1.14%;0;8.33;
strategie de contenu;0;1;0;86;0%;1.16%;0;25.47;
google analytics not provided;0;1;0;85;0%;1.18%;0;12.26;
outils sem;0;1;0;81;0%;1.23%;0;7.4;
website ranking canada;0;1;0;78;0%;1.28%;0;9.46;
spontaneous application;0;1;0;76;0%;1.32%;0;53.22;
google dmp;0;1;0;66;0%;1.52%;0;25.35;
pages vues google analytics;0;1;0;57;0%;1.75%;0;8.21;
stratégie vs tactique;0;1;0;54;0%;1.85%;0;10.57;
how to buy keywords on google;0;1;0;52;0%;1.92%;0;7.08;
goal strategy tactics;0;1;0;51;0%;1.96%;0;2.45;
organization culture can significantly influence project time and cost ;;;;;;;;;
stratégie ux;0;1;0;51;0%;1.96%;0;19.45;
conseil marketing;0;1;0;46;0%;2.17%;0;17.43;
martech trends;0;1;0;46;0%;2.17%;0;26.3;
image newsletter;0;1;0;44;0%;2.27%;0;4.86;
strategie;0;1;0;44;0%;2.27%;0;14.34;
ecommerce org chart;0;1;0;44;0%;2.27%;0;33.14;
pied de page site web;0;1;0;43;0%;2.33%;0;8.33;
rigor;0;1;0;43;0%;2.33%;0;65.72;
tableau de bord web;0;1;0;41;0%;2.44%;0;1;
difference between strategy and goals;0;1;0;39;0%;2.56%;0;7.23;
cheatsheet traduction;0;1;0;39;0%;2.56%;0;9.38;
our team;0;1;0;39;0%;2.56%;0;28.08;
unifying data;0;1;0;38;0%;2.63%;0;6.26;
c'est quoi une stratégie;0;1;0;37;0%;2.7%;0;9.92;
how to manage stakeholders;0;1;0;34;0%;2.94%;0;12.06;
agence media sociaux montreal;0;1;0;34;0%;2.94%;0;39.15;
combien de pages facebook peut on créer;0;1;0;33;0%;3.03%;0;5.09;
how to measure corporate reputation;0;1;0;33;0%;3.03%;0;19.85;
search 2020;0;1;0;32;0%;3.12%;0;7.88;
google mot cles;0;1;0;32;0%;3.12%;0;16.22;
organizational influences on project management;0;1;0;31;0%;3.23%;0;13.29;
définition session google analytics;0;1;0;30;0%;3.33%;0;10.1;
bouton de partage facebook;0;1;0;29;0%;3.45%;0;6.24;
data driven traduction;0;1;0;28;0%;3.57%;0;7.54;
goal objective strategy tactic template;0;1;0;26;0%;3.85%;0;1;
acheter des mots clés sur google;0;1;0;26;0%;3.85%;0;7.62;
certain aspects of the culture of an organization support successful ;;;;;;;;;
strategy and goals;0;1;0;24;0%;4.17%;0;6.04;
difference between goal and strategy;0;1;0;24;0%;4.17%;0;9.46;
a quoi sert la stratégie;0;1;0;24;0%;4.17%;0;11.75;
webdocumentaire;0;1;0;24;0%;4.17%;0;42.25;
les objectifs de la stratégie;0;1;0;23;0%;4.35%;0;5.26;
tinder résultats similaires;0;1;0;22;0%;4.55%;0;1.82;
plan d'action stratégique;0;1;0;22;0%;4.55%;0;9.23;
strategie tinder;0;1;0;21;0%;4.76%;0;4.05;
one pager en francais;0;1;0;21;0%;4.76%;0;6.05;
google data studio power bi;0;1;0;21;0%;4.76%;0;9.19;
audience center 360;0;1;0;21;0%;4.76%;0;18.57;
formation data seo labs;0;1;0;21;0%;4.76%;0;41.14;
opérationnel tactique stratégique;0;1;0;20;0%;5%;0;2.1;
seo content brief template;0;1;0;20;0%;5%;0;8.3;
sessions google analytics;0;1;0;20;0%;5%;0;10.2;
google.ca vs google.com;0;1;0;19;0%;5.26%;0;5.53;
qu'est ce que le taux de rebond google analytics;0;1;0;19;0%;5.26%;0;7.37;
amazon chiffre;0;1;0;19;0%;5.26%;0;9.32;
je hais les lundis;0;1;0;18;0%;5.56%;0;1.22;
mesure de la notoriété;0;1;0;18;0%;5.56%;0;4.83;
chiffre d'affaire amazon 2019;0;1;0;18;0%;5.56%;0;10.72;
hyper-segmentation;0;1;0;17;0%;5.88%;0;8.12;
gestion tactique;0;1;0;17;0%;5.88%;0;8.18;
adobe analytics attribution model;0;1;0;17;0%;5.88%;0;9.29;
woobox francais;0;1;0;17;0%;5.88%;0;9.41;
uiwebview c'est quoi;0;1;0;17;0%;5.88%;0;10.76;
objectives and tactics;0;1;0;16;0%;6.25%;0;1.38;
difference between objectives and strategy;0;1;0;16;0%;6.25%;0;4.38;
objectives of strategy;0;1;0;16;0%;6.25%;0;5.88;
nombre d'utilisateurs amazon;0;1;0;16;0%;6.25%;0;7.62;
actionable insights definition;0;1;0;16;0%;6.25%;0;8.88;
manage stakeholders;0;1;0;16;0%;6.25%;0;11.44;
boite abonnement;0;1;0;15;0%;6.67%;0;7.4;
data-driven traduction;0;1;0;15;0%;6.67%;0;7.93;
la culture organisationnelle d'une entreprise;0;1;0;15;0%;6.67%;0;11.07;
app concours facebook;0;1;0;14;0%;7.14%;0;4.86;
exemple de strategie;0;1;0;14;0%;7.14%;0;6.36;
plan d'engagement des parties prenantes;0;1;0;14;0%;7.14%;0;7.21;
amazon nombre d'utilisateurs;0;1;0;14;0%;7.14%;0;8.07;
culture organisationnelle définition;0;1;0;14;0%;7.14%;0;20.07;
tactique stratégique opérationnel;0;1;0;13;0%;7.69%;0;4.46;
how to turn data into insights;0;1;0;13;0%;7.69%;0;5.92;
objectives and strategies examples;0;1;0;12;0%;8.33%;0;6.83;
strategy goal objective;0;1;0;11;0%;9.09%;0;3.82;
what is actionable insights;0;1;0;11;0%;9.09%;0;10.64;
un cdp;0;1;0;11;0%;9.09%;0;17.55;
microdata rich snippets;0;1;0;11;0%;9.09%;0;36.73;
plateforme programmatique;0;1;0;11;0%;9.09%;0;49.09;
strategies vs goals;0;1;0;10;0%;10%;0;5;
application pour concours;0;1;0;10;0%;10%;0;5.3;
un stack;0;1;0;10;0%;10%;0;10.9;
keys to project management;0;1;0;10;0%;10%;0;51.6;
mesurer la notoriété;0;1;0;9;0%;11.11%;0;4.89;
sem outils;0;1;0;9;0%;11.11%;0;6.67;
traduction analytics;0;1;0;9;0%;11.11%;0;7.56;
diffuseur uniprix;0;1;0;9;0%;11.11%;0;9.89;
acheter mot clé google;0;1;0;9;0%;11.11%;0;12.33;
objective strategy tactics example;0;1;0;8;0%;12.5%;0;1;
strategy vs goal vs objective;0;1;0;8;0%;12.5%;0;4.75;
stratégie tinder;0;1;0;8;0%;12.5%;0;5.88;
strategic priorities vs goals;0;1;0;8;0%;12.5%;0;26.88;
marketing channels adobe analytics;0;1;0;8;0%;12.5%;0;29.88;
médias numérique;0;1;0;7;0%;14.29%;0;5;
optimiser son profil tinder;0;1;0;7;0%;14.29%;0;10.57;
defining strategies;0;1;0;7;0%;14.29%;0;10.71;
ticket ville de montreal;0;1;0;7;0%;14.29%;0;17.86;
google analytics safari (in-app);0;1;0;7;0%;14.29%;0;19.43;
martech trends 2020;0;1;0;7;0%;14.29%;0;20.71;
strategic planning goals objectives strategies tactics;0;1;0;6;0%;16.67%;0;4;
suite google 360;0;1;0;6;0%;16.67%;0;8.33;
amazon empire;0;1;0;6;0%;16.67%;0;8.83;
machine learning avantages;0;1;0;6;0%;16.67%;0;9.83;
abonnement produits de beauté;0;1;0;6;0%;16.67%;0;12.5;
calcul taux de rebond;0;1;0;6;0%;16.67%;0;13;
benefits of using data from multiple sources;0;1;0;6;0%;16.67%;0;16.5;
insights examples;0;1;0;6;0%;16.67%;0;24.67;
strategies examples;0;1;0;6;0%;16.67%;0;25.33;
campaign tag;0;1;0;6;0%;16.67%;0;37.5;
strategies objectives;0;1;0;5;0%;20%;0;1;
google bouge;0;1;0;5;0%;20%;0;6.8;
rich-snippet;0;1;0;5;0%;20%;0;16.4;
data studio sampling;0;1;0;5;0%;20%;0;36.6;
segmentation facebook;0;1;0;4;0%;25%;0;3;
google bounce rate;0;1;0;4;0%;25%;0;4.25;
departments in an ecommerce business;0;1;0;4;0%;25%;0;5.75;
game changers definition;0;1;0;4;0%;25%;0;6;
calcul contraste couleur;0;1;0;4;0%;25%;0;6.5;
fares aldik;0;1;0;4;0%;25%;0;6.75;
entreprise digital marketing;0;1;0;4;0%;25%;0;7;
cabinet de conseil marketing;0;1;0;4;0%;25%;0;7.75;
chiffres d'affaires amazon;0;1;0;4;0%;25%;0;8;
liens utm;0;1;0;4;0%;25%;0;9.5;
boutique cascades;0;1;0;4;0%;25%;0;11.5;
ecommerce organization;0;1;0;4;0%;25%;0;17;
google ads for app installs;0;1;0;4;0%;25%;0;17;
netflix stratégie;0;1;0;4;0%;25%;0;17.75;
stratégie d'engagement des parties prenantes;0;1;0;3;0%;33.33%;0;2.33;
itm vs utm;0;1;0;3;0%;33.33%;0;3.33;
taille infographie;0;1;0;3;0%;33.33%;0;7;
application de veille;0;1;0;3;0%;33.33%;0;7.33;
naurilus plus;0;1;0;3;0%;33.33%;0;9.67;
game changers in french;0;1;0;3;0%;33.33%;0;10;
traduction powered by;0;1;0;3;0%;33.33%;0;10.67;
attribution iq adobe analytics;0;1;0;3;0%;33.33%;0;13;
boites surprises;0;1;0;3;0%;33.33%;0;22;
google analytics forecasting;0;1;0;3;0%;33.33%;0;27.67;
trafic seo;0;1;0;2;0%;50%;0;3;
connexion 2019;0;1;0;2;0%;50%;0;5.5;
nombre de caractères facebook;0;1;0;2;0%;50%;0;6;
objectif technique;0;1;0;2;0%;50%;0;6;
réussite d'un projet;0;1;0;2;0%;50%;0;7;
ia et marketing;0;1;0;2;0%;50%;0;8;
donnée analytique;0;1;0;2;0%;50%;0;9;
torrente t411;0;1;0;2;0%;50%;0;10;
formation bigquery;0;1;0;2;0%;50%;0;19;
ecommerce organization structure;0;1;0;2;0%;50%;0;36;
seo consultant canada;0;1;0;2;0%;50%;0;38;
differences between strategy and tactics;0;1;0;2;0%;50%;0;45;
objectives strategy tactics examples;0;1;0;1;0%;100%;0;1;
strategie google ads;0;1;0;1;0%;100%;0;1;
var pagetracker = _gat._gettracker;0;1;0;1;0%;100%;0;4;
power bi de google;0;1;0;1;0%;100%;0;5;
stratégie de contenu web;0;1;0;1;0%;100%;0;6;
agence web pour le seo;0;1;0;1;0%;100%;0;7;
box beauté;0;1;0;1;0%;100%;0;9;
c'est quoi un plan d'action;0;1;0;1;0%;100%;0;9;
abonnement mensuel produit de beauté;0;1;0;1;0%;100%;0;11;
marketing qr code;0;1;0;1;0%;100%;0;11;
birchbox marketing;0;1;0;1;0%;100%;0;17;
ga attribution beta;0;1;0;1;0%;100%;0;23;
tendances marketing 2020;0;1;0;1;0%;100%;0;28;
bad waq;0;1;0;1;0%;100%;0;39;
distribution e commerce;0;1;0;1;0%;100%;0;39;
identifier les attentes des parties prenantes;0;1;0;1;0%;100%;0;45;
conversion rate optimization (cro);0;1;0;1;0%;100%;0;150;
tinder;0;0;0;14348;0%;0%;0;5.94;
alienation;0;0;0;5441;0%;0%;0;12.11;
traduire;0;0;0;749;0%;0%;0;42.13;
alienated;0;0;0;607;0%;0%;0;10.88;
google tag manager;0;0;0;559;0%;0%;0;77.66;
what is digital strategy;0;0;0;476;0%;0%;0;60.81;
google.;ca;0;0;0;472;0%;0%;0;8.86
mots clés;0;0;0;419;0%;0%;0;84.1;
googl.eca;0;0;0;398;0%;0%;0;8.99;
google advertising;0;0;0;373;0%;0%;0;68.14;
google;.ca;0;0;0;372;0%;0%;0;8.87
google usa;0;0;0;336;0%;0%;0;33.33;
google usa search;0;0;0;335;0%;0%;0;21.5;
googlemca;0;0;0;317;0%;0%;0;9.65;
mbam;0;0;0;317;0%;0%;0;64.59;
strategy examples;0;0;0;314;0%;0%;0;6.75;
formation seo;0;0;0;312;0%;0%;0;34.1;
google. ca;0;0;0;310;0%;0%;0;9.62;
agence marketing web montreal;0;0;0;309;0%;0%;0;79.34;
digital strategy development;0;0;0;304;0%;0%;0;41.11;
digital marketing insights;0;0;0;301;0%;0%;0;47.55;
what is alienation;0;0;0;300;0%;0%;0;8.15;
montreal seo agency;0;0;0;292;0%;0%;0;81.05;
montreal seo services;0;0;0;270;0%;0%;0;89.49;
park avenue logo;0;0;0;262;0%;0%;0;1;
national bank of canada;0;0;0;262;0%;0%;0;64.52;
seo migrationsplan;0;0;0;246;0%;0%;0;52.44;
food industry trends;0;0;0;244;0%;0%;0;62.55;
alienating;0;0;0;242;0%;0%;0;15.21;
google rich snippets;0;0;0;236;0%;0%;0;12.39;
digital media strategy;0;0;0;236;0%;0%;0;48.05;
lead generation marketing montreal;0;0;0;234;0%;0%;0;30.71;
business strategy definition;0;0;0;234;0%;0%;0;83.54;
qr code;0;0;0;228;0%;0%;0;77.36;
google analytics authorized consultant;0;0;0;226;0%;0%;0;40.46;
sales lead generation;0;0;0;226;0%;0%;0;42.33;
personnalisation;0;0;0;226;0%;0%;0;67.4;
link building;0;0;0;225;0%;0%;0;31.38;
advanced analysis;0;0;0;222;0%;0%;0;52.1;
digital strategy company;0;0;0;222;0%;0%;0;77.08;
conversion rate;0;0;0;221;0%;0%;0;81.46;
adwords guide;0;0;0;212;0%;0%;0;85.07;
first click attribution;0;0;0;208;0%;0%;0;74.61;
position site google;0;0;0;208;0%;0%;0;87.45;
shoe store;0;0;0;207;0%;0%;0;63.95;
digital marketing developer;0;0;0;205;0%;0%;0;28.15;
what does ecommerce mean;0;0;0;205;0%;0%;0;67.57;
optimiser campagne adwords;0;0;0;204;0%;0%;0;28.48;
lune rouge entertainment;0;0;0;199;0%;0%;0;10.2;
lead ads;0;0;0;197;0%;0%;0;76.18;
externaliser son marketing;0;0;0;196;0%;0%;0;75.74;
business intelligence;0;0;0;196;0%;0%;0;97.09;
digital marketing montreal;0;0;0;195;0%;0%;0;97.28;
agence marketing montreal;0;0;0;194;0%;0%;0;89.2;
marketing automation objectives;0;0;0;192;0%;0%;0;57.98;
strategic objectives examples;0;0;0;189;0%;0%;0;22.59;
digital market;0;0;0;187;0%;0%;0;53.22;
google/ca;0;0;0;186;0%;0%;0;8.87;
expérience client;0;0;0;186;0%;0%;0;28.29;
utm google;0;0;0;186;0%;0%;0;76.97;
knowledge graph google;0;0;0;186;0%;0%;0;82.95;
marketing digital montreal;0;0;0;183;0%;0%;0;72.74;
tactics definition;0;0;0;182;0%;0%;0;21.71;
uniprix;0;0;0;182;0%;0%;0;35.14;
marketing web montreal;0;0;0;181;0%;0%;0;56.44;
adwords analyzer;0;0;0;181;0%;0%;0;79.56;
advantages of user generated content;0;0;0;180;0%;0%;0;70.48;
campagne adwords;0;0;0;179;0%;0%;0;46.74;
google usa serp;0;0;0;179;0%;0%;0;48.83;
single customer view database;0;0;0;179;0%;0%;0;56.04;
sem google ads;0;0;0;179;0%;0%;0;61.59;
google data studio alternative;0;0;0;178;0%;0%;0;59.07;
mobile install ads;0;0;0;177;0%;0%;0;66.32;
insights from data;0;0;0;175;0%;0%;0;17.23;
customer data unification;0;0;0;175;0%;0%;0;90.86;
publicité numérique;0;0;0;174;0%;0%;0;31.16;
google keyword;0;0;0;173;0%;0%;0;30.29;
pagerank sculpting;0;0;0;172;0%;0%;0;62.73;
les mots clés;0;0;0;172;0%;0%;0;79.62;
referencement web montreal;0;0;0;170;0%;0%;0;1.36;
dmp marketing definition;0;0;0;170;0%;0%;0;64.25;
formation seo montreal;0;0;0;169;0%;0%;0;20.57;
marketing leads;0;0;0;169;0%;0%;0;62.86;
automatisation marketing;0;0;0;167;0%;0%;0;34.66;
digital transformation ecommerce;0;0;0;167;0%;0%;0;66.7;
medias sociaux;0;0;0;166;0%;0%;0;37.96;
keyword 1;0;0;0;166;0%;0%;0;73.14;
elo tinder;0;0;0;165;0%;0%;0;1.79;
alienado;0;0;0;164;0%;0%;0;6.18;
customer view;0;0;0;164;0%;0%;0;34.14;
seo services in montreal;0;0;0;163;0%;0%;0;40.98;
mobile conversion tracking;0;0;0;163;0%;0%;0;56.37;
ergonomie site web;0;0;0;163;0%;0%;0;69.35;
how to write adwords;0;0;0;162;0%;0%;0;19.15;
seo company;0;0;0;161;0%;0%;0;39.98;
mots-clés;0;0;0;161;0%;0%;0;87.22;
mobile app install;0;0;0;159;0%;0%;0;47.09;
local seo montreal;0;0;0;159;0%;0%;0;60.71;
strategy vs tactics examples;0;0;0;158;0%;0%;0;6.92;
agence seo local;0;0;0;158;0%;0%;0;9.34;
marketing site web;0;0;0;158;0%;0%;0;60.34;
organic search not provided;0;0;0;157;0%;0%;0;38.38;
adwords explained simply;0;0;0;157;0%;0%;0;65.31;
outsource marketing;0;0;0;156;0%;0%;0;82.19;
tv data;0;0;0;155;0%;0%;0;19.5;
social media marketing;0;0;0;155;0%;0%;0;59.34;
mobile app install tracking;0;0;0;154;0%;0%;0;40.35;
auto 123;0;0;0;153;0%;0%;0;32.97;
sem guide;0;0;0;153;0%;0%;0;33.83;
alienacion;0;0;0;152;0%;0%;0;7.18;
google ranking in different countries;0;0;0;152;0%;0%;0;47.99;
it digital strategy;0;0;0;152;0%;0%;0;66.32;
formation seo montréal;0;0;0;151;0%;0%;0;19.79;
service seo;0;0;0;150;0%;0%;0;12.61;
rich snippets article;0;0;0;149;0%;0%;0;22.01;
digital strategy planning;0;0;0;149;0%;0%;0;40.58;
google analytics vs adobe analytics;0;0;0;149;0%;0%;0;69.04;
chatbot development for real estate;0;0;0;149;0%;0%;0;74.95;
améliorer campagne adwords;0;0;0;148;0%;0%;0;20.12;
formation référencement;0;0;0;148;0%;0%;0;30.06;
google analytics 360 pricing;0;0;0;148;0%;0%;0;50.11;
gestion adwords;0;0;0;148;0%;0%;0;55.05;
real estate chatbots;0;0;0;148;0%;0%;0;71.66;
social marketing;0;0;0;148;0%;0%;0;87.2;
abonnement box beauté;0;0;0;147;0%;0%;0;91.83;
référencement web seo;0;0;0;146;0%;0%;0;31.08;
leads marketing;0;0;0;146;0%;0%;0;31.64;
gestion des médias sociaux;0;0;0;146;0%;0%;0;32.21;
google rich snippets examples;0;0;0;146;0%;0%;0;53.58;
marketing social media;0;0;0;146;0%;0%;0;54.36;
google.usa;0;0;0;145;0%;0%;0;42.84;
data insight;0;0;0;145;0%;0%;0;45.41;
mobile app campaign;0;0;0;144;0%;0%;0;32.44;
what is attribution;0;0;0;144;0%;0%;0;67.62;
contenu seo;0;0;0;143;0%;0%;0;40.24;
google data visualization;0;0;0;143;0%;0%;0;55.89;
stratégie médias sociaux;0;0;0;143;0%;0%;0;89.38;
référencement site internet;0;0;0;141;0%;0%;0;33.23;
comment estimer les resultats adwords;0;0;0;141;0%;0%;0;46.32;
seo agency in montreal;0;0;0;141;0%;0%;0;47.23;
content development agency;0;0;0;141;0%;0%;0;66.75;
how to write an advertising brief;0;0;0;141;0%;0%;0;96.24;
sem google adwords;0;0;0;141;0%;0%;0;103.48;
blogue marketing;0;0;0;140;0%;0%;0;18.75;
vacances air canada;0;0;0;140;0%;0%;0;49.37;
position sur google;0;0;0;140;0%;0%;0;89.44;
lead management;0;0;0;140;0%;0%;0;93.29;
business transformation;0;0;0;139;0%;0%;0;41.27;
marketing brief template;0;0;0;138;0%;0%;0;69.43;
position mot clé;0;0;0;138;0%;0%;0;77.8;
sem practices;0;0;0;137;0%;0%;0;40.61;
utms;0;0;0;137;0%;0%;0;62.22;
indicateur de performance;0;0;0;137;0%;0%;0;76.59;
is adwords sem;0;0;0;136;0%;0%;0;16.66;
social media content formats;0;0;0;136;0%;0%;0;69.56;
social media company montreal;0;0;0;135;0%;0%;0;56.83;
gestion campagnes adwords;0;0;0;135;0%;0%;0;73.56;
page 404;0;0;0;134;0%;0%;0;83.29;
google..ca;0;0;0;133;0%;0%;0;8.94;
